id,allergy_id,ingredient_id,created_at,updated_at
45,1,687,2025-03-31 21:16:10.539,2025-03-31 21:16:10.188
46,20,688,2025-03-31 21:16:20.763,2025-03-31 21:16:20.41
47,8,688,2025-03-31 21:16:20.763,2025-03-31 21:16:20.41
48,1,689,2025-03-31 21:16:30.836,2025-03-31 21:16:30.485
49,1,690,2025-03-31 21:17:10.978,2025-03-31 21:17:10.627
50,1,691,2025-03-31 21:17:19.288,2025-03-31 21:17:18.938
51,21,692,2025-03-31 21:17:29.721,2025-03-31 21:17:29.372
52,1,693,2025-03-31 21:18:11.267,2025-03-31 21:18:10.914
53,0,694,2025-03-31 21:18:22.267,2025-03-31 21:18:21.917
54,1,695,2025-03-31 21:18:33.369,2025-03-31 21:18:33.018
55,1,696,2025-03-31 21:19:08.635,2025-03-31 21:19:08.281
56,1,697,2025-03-31 21:19:17.792,2025-03-31 21:19:17.441
57,1,698,2025-03-31 21:19:27.865,2025-03-31 21:19:27.515
58,8,699,2025-03-31 21:20:10.484,2025-03-31 21:20:10.133
59,10,700,2025-03-31 21:20:20.44,2025-03-31 21:20:20.089
60,19,700,2025-03-31 21:20:20.44,2025-03-31 21:20:20.089
61,1,701,2025-03-31 21:20:32.912,2025-03-31 21:20:32.563
62,1,702,2025-03-31 21:21:10.263,2025-03-31 21:21:09.48
63,1,703,2025-03-31 21:21:22.429,2025-03-31 21:21:22.083
64,1,704,2025-03-31 21:21:34.057,2025-03-31 21:21:33.708
65,1,705,2025-03-31 21:22:08.836,2025-03-31 21:22:08.482
66,1,706,2025-03-31 21:22:20.903,2025-03-31 21:22:20.554
67,1,707,2025-03-31 21:22:31.813,2025-03-31 21:22:31.464
68,1,708,2025-03-31 21:23:11.703,2025-03-31 21:23:11.355
69,1,709,2025-03-31 21:23:22.179,2025-03-31 21:23:21.83
70,1,710,2025-03-31 21:23:31.242,2025-03-31 21:23:30.889
71,1,711,2025-03-31 21:24:13.271,2025-03-31 21:24:12.921
72,1,712,2025-03-31 21:24:22.991,2025-03-31 21:24:22.642
73,8,713,2025-03-31 21:24:32.279,2025-03-31 21:24:31.93
74,20,713,2025-03-31 21:24:32.279,2025-03-31 21:24:31.93
75,1,715,2025-03-31 21:25:21.991,2025-03-31 21:25:21.64
76,1,716,2025-03-31 21:25:30.32,2025-03-31 21:25:29.952
77,3,717,2025-03-31 21:26:12.805,2025-03-31 21:26:12.46
78,10,718,2025-03-31 21:26:22.595,2025-03-31 21:26:22.251
79,1,720,2025-03-31 21:27:10.353,2025-03-31 21:27:10.001
80,1,721,2025-03-31 21:27:20.555,2025-03-31 21:27:20.204
81,1,722,2025-03-31 21:27:29.67,2025-03-31 21:27:29.318
82,1,723,2025-03-31 21:28:10.944,2025-03-31 21:28:10.593
83,1,724,2025-03-31 21:28:21.514,2025-03-31 21:28:21.161
84,1,725,2025-03-31 21:28:30.687,2025-03-31 21:28:30.338
85,1,726,2025-03-31 21:29:09.792,2025-03-31 21:29:09.441
86,1,728,2025-03-31 21:29:29.352,2025-03-31 21:29:29
87,4,729,2025-03-31 21:30:12.559,2025-03-31 21:30:12.207
88,1,730,2025-03-31 21:30:22.906,2025-03-31 21:30:22.555
89,10,731,2025-03-31 21:30:32.155,2025-03-31 21:30:31.803
90,10,732,2025-03-31 21:31:10.799,2025-03-31 21:31:10.445
91,1,733,2025-03-31 21:31:21.138,2025-03-31 21:31:20.785
92,1,734,2025-03-31 21:31:32.047,2025-03-31 21:31:31.697
93,1,735,2025-03-31 21:32:10.006,2025-03-31 21:32:09.655
94,1,736,2025-03-31 21:32:20.763,2025-03-31 21:32:20.406
95,1,737,2025-03-31 21:32:29.271,2025-03-31 21:32:28.919
96,1,738,2025-03-31 21:33:09.197,2025-03-31 21:33:08.845
97,5,739,2025-03-31 21:33:17.207,2025-03-31 21:33:16.855
98,7,739,2025-03-31 21:33:17.207,2025-03-31 21:33:16.855
99,21,739,2025-03-31 21:33:17.207,2025-03-31 21:33:16.855
100,5,740,2025-03-31 21:33:28.016,2025-03-31 21:33:27.664
101,7,740,2025-03-31 21:33:28.016,2025-03-31 21:33:27.664
102,21,740,2025-03-31 21:33:28.016,2025-03-31 21:33:27.664
103,5,741,2025-03-31 21:34:09.58,2025-03-31 21:34:09.229
104,21,741,2025-03-31 21:34:09.58,2025-03-31 21:34:09.229
105,21,742,2025-03-31 21:34:19.026,2025-03-31 21:34:18.674
106,1,743,2025-03-31 21:34:29.454,2025-03-31 21:34:29.099
107,1,744,2025-03-31 21:35:09.597,2025-03-31 21:35:09.244
108,1,745,2025-03-31 21:35:18.771,2025-03-31 21:35:18.416
109,1,746,2025-03-31 21:35:28.254,2025-03-31 21:35:27.901
110,1,747,2025-03-31 21:36:10.051,2025-03-31 21:36:09.698
111,1,748,2025-03-31 21:36:19.356,2025-03-31 21:36:19.003
112,1,749,2025-03-31 21:36:31.763,2025-03-31 21:36:31.41
113,19,750,2025-03-31 21:37:10.11,2025-03-31 21:37:09.761
114,1,751,2025-03-31 21:37:19.973,2025-03-31 21:37:19.621
115,1,753,2025-03-31 21:38:09.419,2025-03-31 21:38:09.064
116,8,755,2025-03-31 21:38:30.77,2025-03-31 21:38:30.414
117,20,755,2025-03-31 21:38:30.77,2025-03-31 21:38:30.414
118,1,756,2025-03-31 21:39:10.998,2025-03-31 21:39:10.646
119,10,758,2025-03-31 21:39:31.803,2025-03-31 21:39:31.452
120,1,759,2025-03-31 21:40:11.696,2025-03-31 21:40:11.341
121,1,760,2025-03-31 21:40:23.183,2025-03-31 21:40:22.832
122,0,761,2025-03-31 21:40:32.208,2025-03-31 21:40:31.856
123,0,762,2025-03-31 21:41:11.592,2025-03-31 21:41:11.24
124,1,763,2025-03-31 21:41:21.134,2025-03-31 21:41:20.782
125,6,765,2025-03-31 21:42:11.256,2025-03-31 21:42:10.911
126,11,766,2025-03-31 21:42:19.986,2025-03-31 21:42:19.64
127,18,766,2025-03-31 21:42:19.986,2025-03-31 21:42:19.64
128,1,767,2025-03-31 21:42:30.808,2025-03-31 21:42:30.461
129,1,768,2025-03-31 21:43:09.46,2025-03-31 21:43:09.113
130,1,769,2025-03-31 21:43:18.775,2025-03-31 21:43:18.428
131,14,770,2025-03-31 21:43:28.345,2025-03-31 21:43:27.994
132,14,771,2025-03-31 21:44:10.873,2025-03-31 21:44:10.523
133,8,773,2025-03-31 21:44:30.34,2025-03-31 21:44:29.993
134,20,773,2025-03-31 21:44:30.34,2025-03-31 21:44:29.993
135,1,774,2025-03-31 21:45:10.909,2025-03-31 21:45:10.563
136,7,775,2025-03-31 21:45:20.332,2025-03-31 21:45:19.984
137,7,776,2025-03-31 21:45:29.577,2025-03-31 21:45:29.227
138,1,777,2025-03-31 21:46:10.697,2025-03-31 21:46:10.35
139,1,778,2025-03-31 21:46:19.058,2025-03-31 21:46:18.711
140,1,779,2025-03-31 21:46:28.28,2025-03-31 21:46:27.933
141,1,780,2025-03-31 21:47:12.501,2025-03-31 21:47:12.15
142,1,781,2025-03-31 21:47:22.347,2025-03-31 21:47:21.994
143,1,782,2025-03-31 21:47:33.248,2025-03-31 21:47:32.897
144,8,784,2025-03-31 21:48:20.93,2025-03-31 21:48:20.577
145,19,784,2025-03-31 21:48:20.93,2025-03-31 21:48:20.577
146,17,784,2025-03-31 21:48:20.93,2025-03-31 21:48:20.577
147,12,784,2025-03-31 21:48:20.93,2025-03-31 21:48:20.577
148,1,785,2025-03-31 21:48:29,2025-03-31 21:48:28.644
149,1,786,2025-03-31 21:49:11.112,2025-03-31 21:49:10.756
150,1,788,2025-03-31 21:49:29.474,2025-03-31 21:49:29.125
151,1,789,2025-03-31 21:50:09.612,2025-03-31 21:50:09.262
152,1,790,2025-03-31 21:50:19.548,2025-03-31 21:50:19.198
153,1,791,2025-03-31 21:50:29.784,2025-03-31 21:50:29.434
154,1,792,2025-03-31 21:51:10.268,2025-03-31 21:51:09.919
155,13,793,2025-03-31 21:51:20.769,2025-03-31 21:51:20.418
156,1,794,2025-03-31 21:51:31.86,2025-03-31 21:51:31.51
157,1,795,2025-03-31 21:52:09.69,2025-03-31 21:52:09.34
158,1,797,2025-03-31 21:52:29.04,2025-03-31 21:52:28.691
159,1,798,2025-03-31 21:53:09.871,2025-03-31 21:53:09.521
160,1,799,2025-03-31 21:53:19.861,2025-03-31 21:53:19.512
161,1,801,2025-03-31 21:54:10.751,2025-03-31 21:54:10.4
162,1,802,2025-03-31 21:54:21.301,2025-03-31 21:54:20.952
163,1,803,2025-03-31 21:54:30.233,2025-03-31 21:54:29.884
164,1,804,2025-03-31 21:55:10.604,2025-03-31 21:55:10.253
165,1,805,2025-03-31 21:55:21.082,2025-03-31 21:55:20.732
166,1,806,2025-03-31 21:55:31.554,2025-03-31 21:55:31.204
167,1,808,2025-03-31 21:56:18.507,2025-03-31 21:56:18.157
168,1,809,2025-03-31 21:56:30.095,2025-03-31 21:56:29.743
169,1,810,2025-03-31 21:57:10.776,2025-03-31 21:57:10.424
170,1,811,2025-03-31 21:57:23.742,2025-03-31 21:57:23.395
171,1,812,2025-03-31 21:57:33.852,2025-03-31 21:57:33.502
172,10,813,2025-03-31 21:58:11.755,2025-03-31 21:58:11.408
173,10,814,2025-03-31 21:58:22.803,2025-03-31 21:58:22.456
174,1,815,2025-03-31 21:58:32.078,2025-03-31 21:58:31.73
175,21,816,2025-03-31 21:59:11.301,2025-03-31 21:59:10.951
176,10,817,2025-03-31 21:59:19.458,2025-03-31 21:59:19.11
177,1,818,2025-03-31 21:59:29.306,2025-03-31 21:59:28.959
178,11,819,2025-03-31 22:00:13.169,2025-03-31 22:00:12.819
179,20,822,2025-03-31 22:01:10.802,2025-03-31 22:01:10.454
180,8,822,2025-03-31 22:01:10.802,2025-03-31 22:01:10.454
181,1,823,2025-03-31 22:01:21.607,2025-03-31 22:01:21.249
182,19,825,2025-03-31 22:02:09.484,2025-03-31 22:02:09.135
183,1,826,2025-03-31 22:02:19.648,2025-03-31 22:02:19.301
184,19,827,2025-03-31 22:02:28.94,2025-03-31 22:02:28.596
185,8,829,2025-03-31 22:03:18.807,2025-03-31 22:03:18.462
186,1,831,2025-03-31 22:04:10.674,2025-03-31 22:04:10.33
187,1,832,2025-03-31 22:04:20.485,2025-03-31 22:04:20.139
188,15,833,2025-03-31 22:04:30.467,2025-03-31 22:04:30.119
189,1,835,2025-03-31 22:05:21.836,2025-03-31 22:05:21.491
190,1,836,2025-03-31 22:05:31.325,2025-03-31 22:05:30.981
191,1,837,2025-03-31 22:06:08.972,2025-03-31 22:06:08.627
192,1,838,2025-03-31 22:06:19.694,2025-03-31 22:06:19.347
193,1,839,2025-03-31 22:06:28.741,2025-03-31 22:06:28.396
194,1,840,2025-03-31 22:07:08.768,2025-03-31 22:07:08.422
195,1,841,2025-03-31 22:07:18.366,2025-03-31 22:07:18.021
196,1,842,2025-03-31 22:07:30.307,2025-03-31 22:07:29.962
197,1,843,2025-03-31 22:08:12.126,2025-03-31 22:08:11.781
198,1,845,2025-03-31 22:08:28.29,2025-03-31 22:08:27.945
199,1,846,2025-03-31 22:09:11.028,2025-03-31 22:09:10.682
200,1,847,2025-03-31 22:09:20.309,2025-03-31 22:09:19.964
201,6,848,2025-03-31 22:09:31.112,2025-03-31 22:09:30.767
202,20,848,2025-03-31 22:09:31.112,2025-03-31 22:09:30.767
203,8,848,2025-03-31 22:09:31.112,2025-03-31 22:09:30.767
204,1,849,2025-03-31 22:10:12.345,2025-03-31 22:10:12
205,1,851,2025-03-31 22:10:32.92,2025-03-31 22:10:32.575
206,1,852,2025-03-31 22:11:08.14,2025-03-31 22:11:07.795
207,1,853,2025-03-31 22:11:18.642,2025-03-31 22:11:18.297
208,1,854,2025-03-31 22:11:27.526,2025-03-31 22:11:27.181
209,21,855,2025-03-31 22:12:11.515,2025-03-31 22:12:11.168
210,1,856,2025-03-31 22:12:20.842,2025-03-31 22:12:20.496
211,1,857,2025-03-31 22:12:32.267,2025-03-31 22:12:31.922
212,1,858,2025-03-31 22:13:10.444,2025-03-31 22:13:10.097
213,1,859,2025-03-31 22:13:19.388,2025-03-31 22:13:19.041
214,21,861,2025-03-31 22:14:09.976,2025-03-31 22:14:09.627
215,10,862,2025-03-31 22:14:20.471,2025-03-31 22:14:20.125
216,1,863,2025-03-31 22:14:28.967,2025-03-31 22:14:28.62
217,1,864,2025-03-31 22:15:10.116,2025-03-31 22:15:09.77
218,20,865,2025-03-31 22:15:20.044,2025-03-31 22:15:19.696
219,8,865,2025-03-31 22:15:20.044,2025-03-31 22:15:19.696
220,10,865,2025-03-31 22:15:20.044,2025-03-31 22:15:19.696
221,1,866,2025-03-31 22:15:29.929,2025-03-31 22:15:29.583
222,1,868,2025-03-31 22:16:18.934,2025-03-31 22:16:18.584
223,1,869,2025-03-31 22:16:27.519,2025-03-31 22:16:27.171
224,1,870,2025-03-31 22:17:10.949,2025-03-31 22:17:10.598
225,1,871,2025-03-31 22:17:19.066,2025-03-31 22:17:18.719
226,1,872,2025-03-31 22:17:30.088,2025-03-31 22:17:29.734
227,13,873,2025-03-31 22:18:10.707,2025-03-31 22:18:10.363
228,1,874,2025-03-31 22:18:20.661,2025-03-31 22:18:20.312
229,1,875,2025-03-31 22:18:30.43,2025-03-31 22:18:30.083
230,1,876,2025-03-31 22:19:10.167,2025-03-31 22:19:09.819
231,8,877,2025-03-31 22:19:20.635,2025-03-31 22:19:20.292
232,20,877,2025-03-31 22:19:20.635,2025-03-31 22:19:20.292
233,1,878,2025-03-31 22:19:31.3,2025-03-31 22:19:30.954
234,1,879,2025-03-31 22:20:10.774,2025-03-31 22:20:10.43
235,1,880,2025-03-31 22:20:21.176,2025-03-31 22:20:20.83
236,15,882,2025-03-31 22:21:09.536,2025-03-31 22:21:09.19
237,1,883,2025-03-31 22:21:18.798,2025-03-31 22:21:18.453
238,1,884,2025-03-31 22:21:30.074,2025-03-31 22:21:29.729
239,17,885,2025-03-31 22:22:10.41,2025-03-31 22:22:10.065
240,8,886,2025-03-31 22:22:20.962,2025-03-31 22:22:20.617
241,20,886,2025-03-31 22:22:20.962,2025-03-31 22:22:20.617
242,1,887,2025-03-31 22:22:31.431,2025-03-31 22:22:31.086
243,1,888,2025-03-31 22:23:11.036,2025-03-31 22:23:10.688
244,1,889,2025-03-31 22:23:22.525,2025-03-31 22:23:22.176
245,1,891,2025-03-31 22:24:12.025,2025-03-31 22:24:11.676
246,1,892,2025-03-31 22:24:21.376,2025-03-31 22:24:21.025
247,1,895,2025-03-31 22:25:16.569,2025-03-31 22:25:16.217
248,1,896,2025-03-31 22:25:25.923,2025-03-31 22:25:25.573
249,1,897,2025-03-31 22:26:10.639,2025-03-31 22:26:10.283
250,1,898,2025-03-31 22:26:19.937,2025-03-31 22:26:19.588
251,1,899,2025-03-31 22:26:32.078,2025-03-31 22:26:31.73
252,1,900,2025-03-31 22:27:12.951,2025-03-31 22:27:12.598
253,1,901,2025-03-31 22:27:23.059,2025-03-31 22:27:22.706
254,15,902,2025-03-31 22:27:32.828,2025-03-31 22:27:32.474
255,1,903,2025-03-31 22:28:11.586,2025-03-31 22:28:11.235
256,17,905,2025-03-31 22:28:27.411,2025-03-31 22:28:27.059
257,1,906,2025-03-31 22:29:11.366,2025-03-31 22:29:10.596
258,21,907,2025-03-31 22:29:22.189,2025-03-31 22:29:21.826
259,1,908,2025-03-31 22:29:32.349,2025-03-31 22:29:31.996
260,1,909,2025-03-31 22:30:11.726,2025-03-31 22:30:11.379
261,1,910,2025-03-31 22:30:21.589,2025-03-31 22:30:21.241
262,1,911,2025-03-31 22:30:31.879,2025-03-31 22:30:31.53
263,1,912,2025-03-31 22:31:10.47,2025-03-31 22:31:10.122
264,1,913,2025-03-31 22:31:18.779,2025-03-31 22:31:18.429
265,1,914,2025-03-31 22:31:30.462,2025-03-31 22:31:30.113
266,1,915,2025-03-31 22:32:12.623,2025-03-31 22:32:12.273
267,1,916,2025-03-31 22:32:21.708,2025-03-31 22:32:21.358
268,1,917,2025-03-31 22:32:32.466,2025-03-31 22:32:32.117
269,1,918,2025-03-31 22:33:08.401,2025-03-31 22:33:08.051
270,1,919,2025-03-31 22:33:17.551,2025-03-31 22:33:17.202
271,20,921,2025-03-31 22:34:11.665,2025-03-31 22:34:11.315
272,8,921,2025-03-31 22:34:11.665,2025-03-31 22:34:11.315
273,11,922,2025-03-31 22:34:23.669,2025-03-31 22:34:23.322
274,1,925,2025-03-31 22:35:18.374,2025-03-31 22:35:18.021
275,1,926,2025-03-31 22:35:28.851,2025-03-31 22:35:28.501
276,1,927,2025-03-31 22:36:11.828,2025-03-31 22:36:11.473
277,1,928,2025-03-31 22:36:22.505,2025-03-31 22:36:22.15
278,19,930,2025-03-31 22:37:12.781,2025-03-31 22:37:12.431
279,19,931,2025-03-31 22:37:22.426,2025-03-31 22:37:22.076
280,19,932,2025-03-31 22:37:32.253,2025-03-31 22:37:31.904
281,19,933,2025-03-31 22:38:10.973,2025-03-31 22:38:10.623
282,19,934,2025-03-31 22:38:21.644,2025-03-31 22:38:21.294
283,19,935,2025-03-31 22:38:30.619,2025-03-31 22:38:30.269
284,1,936,2025-03-31 22:39:12.813,2025-03-31 22:39:12.464
285,1,937,2025-03-31 22:39:23.923,2025-03-31 22:39:23.572
286,1,938,2025-03-31 22:39:35.033,2025-03-31 22:39:34.688
287,1,939,2025-03-31 22:40:13.444,2025-03-31 22:40:13.094
288,1,940,2025-03-31 22:40:23.054,2025-03-31 22:40:22.699
289,21,941,2025-03-31 22:40:32.623,2025-03-31 22:40:32.273
290,21,942,2025-03-31 22:41:11.78,2025-03-31 22:41:11.43
291,1,943,2025-03-31 22:41:21.093,2025-03-31 22:41:20.744
292,1,944,2025-03-31 22:41:33.283,2025-03-31 22:41:32.933
293,1,947,2025-03-31 22:42:29.138,2025-03-31 22:42:28.788
294,1,948,2025-03-31 22:43:11.784,2025-03-31 22:43:11.433
295,1,949,2025-03-31 22:43:19.881,2025-03-31 22:43:19.531
296,1,950,2025-03-31 22:43:31.01,2025-03-31 22:43:30.661
297,1,952,2025-03-31 22:44:19.063,2025-03-31 22:44:18.716
298,1,953,2025-03-31 22:44:28.679,2025-03-31 22:44:28.326
299,1,954,2025-03-31 22:45:11.161,2025-03-31 22:45:10.811
300,1,955,2025-03-31 22:45:22.459,2025-03-31 22:45:22.106
301,17,956,2025-03-31 22:45:32.804,2025-03-31 22:45:32.452
302,1,957,2025-03-31 22:46:10.348,2025-03-31 22:46:09.996
303,1,958,2025-03-31 22:46:20.405,2025-03-31 22:46:20.051
304,1,959,2025-03-31 22:46:30.585,2025-03-31 22:46:30.233
305,1,960,2025-03-31 22:47:11.57,2025-03-31 22:47:11.218
306,1,961,2025-03-31 22:47:19.713,2025-03-31 22:47:19.361
307,1,962,2025-03-31 22:47:29.762,2025-03-31 22:47:29.409
308,1,963,2025-03-31 22:48:08.867,2025-03-31 22:48:08.515
309,1,964,2025-03-31 22:48:20.2,2025-03-31 22:48:19.843
310,1,965,2025-03-31 22:48:31.355,2025-03-31 22:48:31.002
311,1,966,2025-03-31 22:49:12.888,2025-03-31 22:49:12.535
312,1,967,2025-03-31 22:49:23.535,2025-03-31 22:49:23.184
313,1,968,2025-03-31 22:49:32.056,2025-03-31 22:49:31.701
314,1,969,2025-03-31 22:50:11.152,2025-03-31 22:50:10.796
315,1,970,2025-03-31 22:50:21.771,2025-03-31 22:50:21.418
316,1,971,2025-03-31 22:50:32.095,2025-03-31 22:50:31.742
317,1,972,2025-03-31 22:51:11.336,2025-03-31 22:51:10.984
318,1,974,2025-03-31 22:51:29.949,2025-03-31 22:51:29.597
319,3,975,2025-03-31 22:52:12.162,2025-03-31 22:52:11.809
320,10,976,2025-03-31 22:52:21.223,2025-03-31 22:52:20.87
321,10,977,2025-03-31 22:52:30.191,2025-03-31 22:52:29.839
322,10,978,2025-03-31 22:53:09.803,2025-03-31 22:53:09.45
323,10,979,2025-03-31 22:53:19.961,2025-03-31 22:53:19.609
324,1,980,2025-03-31 22:53:29.526,2025-03-31 22:53:29.17
325,1,981,2025-03-31 22:54:09.822,2025-03-31 22:54:09.465
326,1,982,2025-03-31 22:54:21.487,2025-03-31 22:54:21.134
327,1,983,2025-03-31 22:54:31.255,2025-03-31 22:54:30.908
328,1,984,2025-03-31 22:55:12.449,2025-03-31 22:55:12.104
329,1,985,2025-03-31 22:55:21.412,2025-03-31 22:55:21.064
330,1,986,2025-03-31 22:55:30.868,2025-03-31 22:55:30.52
331,1,987,2025-03-31 22:56:10.713,2025-03-31 22:56:10.365
332,1,988,2025-03-31 22:56:19.612,2025-03-31 22:56:19.264
333,1,989,2025-03-31 22:56:32.56,2025-03-31 22:56:32.213
334,1,990,2025-03-31 22:57:09.166,2025-03-31 22:57:08.819
335,19,991,2025-03-31 22:57:19.913,2025-03-31 22:57:19.561
340,10,1005,2025-04-01 09:42:15.878,2025-04-01 09:42:15.517
341,10,1006,2025-04-01 09:42:27.495,2025-04-01 09:42:27.142
342,10,1007,2025-04-01 09:42:40.326,2025-04-01 09:42:39.971
343,1,1008,2025-04-01 09:43:13.838,2025-04-01 09:43:13.482
344,1,1009,2025-04-01 09:43:25.975,2025-04-01 09:43:25.618
345,1,1010,2025-04-01 09:43:35.243,2025-04-01 09:43:34.888
346,1,1011,2025-04-01 09:44:10.389,2025-04-01 09:44:10.035
347,1,1012,2025-04-01 09:44:21.161,2025-04-01 09:44:20.808
348,1,1013,2025-04-01 09:44:32.313,2025-04-01 09:44:31.959
349,1,1014,2025-04-01 09:45:12.253,2025-04-01 09:45:11.899
350,1,1015,2025-04-01 09:45:24.466,2025-04-01 09:45:24.11
351,1,1016,2025-04-01 09:45:35.693,2025-04-01 09:45:35.336
352,5,1017,2025-04-01 09:46:13.263,2025-04-01 09:46:12.91
353,21,1017,2025-04-01 09:46:13.263,2025-04-01 09:46:12.91
354,5,1018,2025-04-01 09:46:23.731,2025-04-01 09:46:23.378
355,21,1018,2025-04-01 09:46:23.731,2025-04-01 09:46:23.378
356,5,1019,2025-04-01 09:46:33.974,2025-04-01 09:46:33.616
357,21,1019,2025-04-01 09:46:33.974,2025-04-01 09:46:33.616
358,1,1020,2025-04-01 09:47:12.946,2025-04-01 09:47:12.592
359,5,1021,2025-04-01 09:47:23.651,2025-04-01 09:47:23.298
360,21,1021,2025-04-01 09:47:23.651,2025-04-01 09:47:23.298
361,5,1022,2025-04-01 09:47:35.505,2025-04-01 09:47:35.152
362,21,1022,2025-04-01 09:47:35.505,2025-04-01 09:47:35.152
363,5,1023,2025-04-01 09:48:16.121,2025-04-01 09:48:15.775
364,21,1023,2025-04-01 09:48:16.121,2025-04-01 09:48:15.775
365,1,1025,2025-04-01 09:48:39.467,2025-04-01 09:48:39.119
366,19,1026,2025-04-01 09:49:14.105,2025-04-01 09:49:13.758
367,1,1027,2025-04-01 09:49:27.643,2025-04-01 09:49:27.297
368,1,1029,2025-04-01 09:50:17.168,2025-04-01 09:50:16.817
369,1,1030,2025-04-01 09:50:31.06,2025-04-01 09:50:30.635
370,1,1032,2025-04-01 09:51:12.962,2025-04-01 09:51:12.602
371,1,1033,2025-04-01 09:51:25.82,2025-04-01 09:51:25.461
372,19,992,2025-04-01 09:51:39.748,2025-04-01 09:51:39.38
373,19,993,2025-04-01 09:52:13.2,2025-04-01 09:52:12.845
374,19,994,2025-04-01 09:52:24.909,2025-04-01 09:52:24.553
375,19,995,2025-04-01 09:52:39.115,2025-04-01 09:52:38.761
376,21,996,2025-04-01 09:53:12.295,2025-04-01 09:53:11.943
377,10,997,2025-04-01 09:53:23.121,2025-04-01 09:53:22.768
378,10,998,2025-04-01 09:53:36.418,2025-04-01 09:53:36.063
379,10,999,2025-04-01 09:54:12.836,2025-04-01 09:54:12.475
380,10,1000,2025-04-01 09:54:24.196,2025-04-01 09:54:23.843
381,10,1001,2025-04-01 09:54:40.235,2025-04-01 09:54:39.88
382,10,1002,2025-04-01 09:55:11.074,2025-04-01 09:55:10.721
383,10,1003,2025-04-01 09:55:24.19,2025-04-01 09:55:23.837
384,1,1034,2025-04-01 09:55:34.201,2025-04-01 09:55:33.847
385,1,1036,2025-04-01 09:56:22.696,2025-04-01 09:56:22.339
386,1,1037,2025-04-01 09:56:34.743,2025-04-01 09:56:34.391
387,1,1038,2025-04-01 09:57:11.418,2025-04-01 09:57:11.064
388,1,1039,2025-04-01 09:57:22.487,2025-04-01 09:57:22.134
389,1,1040,2025-04-01 09:57:31.996,2025-04-01 09:57:31.642
390,19,1041,2025-04-01 09:58:08.98,2025-04-01 09:58:08.629
391,19,1042,2025-04-01 09:58:21.029,2025-04-01 09:58:20.675
392,1,1043,2025-04-01 09:58:33.303,2025-04-01 09:58:32.95
393,1,1044,2025-04-01 09:59:13.011,2025-04-01 09:59:12.659
394,19,1045,2025-04-01 09:59:25.382,2025-04-01 09:59:25.029
395,1,1046,2025-04-01 09:59:35.571,2025-04-01 09:59:35.219
396,1,1047,2025-04-01 10:00:15.176,2025-04-01 10:00:14.823
397,0,1048,2025-04-01 10:00:25.676,2025-04-01 10:00:25.323
398,1,1049,2025-04-01 10:00:35.971,2025-04-01 10:00:35.617
399,1,1050,2025-04-01 10:01:13.222,2025-04-01 10:01:12.87
400,1,1051,2025-04-01 10:01:24.14,2025-04-01 10:01:23.788
401,1,1052,2025-04-01 10:01:36.922,2025-04-01 10:01:36.568
402,1,1053,2025-04-01 10:02:13.026,2025-04-01 10:02:12.67
403,1,1054,2025-04-01 10:02:24.802,2025-04-01 10:02:24.447
404,1,1055,2025-04-01 10:02:36.871,2025-04-01 10:02:36.516
405,1,1056,2025-04-01 10:03:12.943,2025-04-01 10:03:12.578
406,1,1057,2025-04-01 10:03:22.994,2025-04-01 10:03:22.638
407,1,1059,2025-04-01 10:04:12.035,2025-04-01 10:04:11.678
408,8,1060,2025-04-01 10:04:24.07,2025-04-01 10:04:23.717
409,20,1060,2025-04-01 10:04:24.07,2025-04-01 10:04:23.717
410,1,1061,2025-04-01 10:04:36.465,2025-04-01 10:04:36.112
411,1,1062,2025-04-01 10:05:16.29,2025-04-01 10:05:15.937
412,10,1063,2025-04-01 10:05:26.582,2025-04-01 10:05:26.228
413,10,1064,2025-04-01 10:05:38.198,2025-04-01 10:05:37.844
414,10,1065,2025-04-01 10:06:11.797,2025-04-01 10:06:11.443
415,17,1066,2025-04-01 10:06:24.841,2025-04-01 10:06:24.489
416,1,1067,2025-04-01 10:06:37.563,2025-04-01 10:06:37.207
417,1,1068,2025-04-01 10:07:14.694,2025-04-01 10:07:14.34
418,1,1069,2025-04-01 10:07:25.439,2025-04-01 10:07:25.084
419,1,1070,2025-04-01 10:07:35.181,2025-04-01 10:07:34.827
420,1,1071,2025-04-01 10:08:12.843,2025-04-01 10:08:12.49
421,1,1072,2025-04-01 10:08:24.855,2025-04-01 10:08:24.5
422,1,1073,2025-04-01 10:08:36.099,2025-04-01 10:08:35.743
423,11,1074,2025-04-01 10:09:12.715,2025-04-01 10:09:12.361
424,4,1074,2025-04-01 10:09:12.715,2025-04-01 10:09:12.361
425,1,1075,2025-04-01 10:09:25.143,2025-04-01 10:09:24.789
426,1,1076,2025-04-01 10:09:36.981,2025-04-01 10:09:36.628
427,1,1077,2025-04-01 10:10:12.811,2025-04-01 10:10:12.456
428,1,1078,2025-04-01 10:10:24.88,2025-04-01 10:10:24.526
429,1,1079,2025-04-01 10:10:37.077,2025-04-01 10:10:36.722
430,20,1080,2025-04-01 10:11:12.271,2025-04-01 10:11:11.92
431,8,1080,2025-04-01 10:11:12.271,2025-04-01 10:11:11.92
432,17,1081,2025-04-01 10:11:23.375,2025-04-01 10:11:23.023
433,6,1082,2025-04-01 10:11:34.315,2025-04-01 10:11:33.957
434,6,1083,2025-04-01 10:12:11.305,2025-04-01 10:12:10.954
435,6,1084,2025-04-01 10:12:23.063,2025-04-01 10:12:22.711
436,1,1086,2025-04-01 10:13:13.125,2025-04-01 10:13:12.773
437,10,1087,2025-04-01 10:13:24.042,2025-04-01 10:13:23.69
438,10,1088,2025-04-01 10:13:33.782,2025-04-01 10:13:33.427
439,14,1089,2025-04-01 10:14:10.59,2025-04-01 10:14:10.233
440,14,1090,2025-04-01 10:14:20.874,2025-04-01 10:14:20.523
441,14,1091,2025-04-01 10:14:31.957,2025-04-01 10:14:31.605
442,14,1092,2025-04-01 10:15:14.675,2025-04-01 10:15:14.322
443,1,1093,2025-04-01 10:15:25.534,2025-04-01 10:15:25.183
444,8,1094,2025-04-01 10:15:37.727,2025-04-01 10:15:37.375
445,20,1094,2025-04-01 10:15:37.727,2025-04-01 10:15:37.375
446,8,1095,2025-04-01 10:16:13.096,2025-04-01 10:16:12.746
447,20,1095,2025-04-01 10:16:13.096,2025-04-01 10:16:12.746
448,8,1096,2025-04-01 10:16:27.277,2025-04-01 10:16:26.924
449,20,1096,2025-04-01 10:16:27.277,2025-04-01 10:16:26.925
450,8,1097,2025-04-01 10:16:41.361,2025-04-01 10:16:41.006
451,20,1097,2025-04-01 10:16:41.361,2025-04-01 10:16:41.006
452,8,1098,2025-04-01 10:17:10.648,2025-04-01 10:17:10.292
453,20,1098,2025-04-01 10:17:10.648,2025-04-01 10:17:10.292
454,7,1099,2025-04-01 10:17:23.408,2025-04-01 10:17:23.049
455,7,1100,2025-04-01 10:17:36.186,2025-04-01 10:17:35.825
456,1,1101,2025-04-01 10:18:12.538,2025-04-01 10:18:12.182
457,1,1102,2025-04-01 10:18:24.027,2025-04-01 10:18:23.67
458,1,1103,2025-04-01 10:18:34.303,2025-04-01 10:18:33.943
459,1,1104,2025-04-01 10:19:17.186,2025-04-01 10:19:16.83
460,1,1105,2025-04-01 10:19:32.116,2025-04-01 10:19:31.756
461,1,1106,2025-04-01 10:19:44.072,2025-04-01 10:19:43.721
462,1,1107,2025-04-01 10:20:15.119,2025-04-01 10:20:14.759
463,19,1108,2025-04-01 10:20:27.857,2025-04-01 10:20:27.498
464,1,1109,2025-04-01 10:20:39.434,2025-04-01 10:20:39.079
465,1,1110,2025-04-01 10:21:10.776,2025-04-01 10:21:10.421
466,1,1111,2025-04-01 10:21:22.427,2025-04-01 10:21:22.07
467,1,1112,2025-04-01 10:21:34.543,2025-04-01 10:21:34.192
468,1,1113,2025-04-01 10:22:13.785,2025-04-01 10:22:13.436
469,1,1114,2025-04-01 10:22:26.747,2025-04-01 10:22:26.394
470,1,1115,2025-04-01 10:22:39.277,2025-04-01 10:22:38.928
471,1,1116,2025-04-01 10:23:12.817,2025-04-01 10:23:12.464
472,1,1117,2025-04-01 10:23:26.665,2025-04-01 10:23:26.241
473,1,1118,2025-04-01 10:23:38.706,2025-04-01 10:23:38.358
474,1,1119,2025-04-01 10:24:14.2,2025-04-01 10:24:13.845
475,1,1120,2025-04-01 10:24:24.635,2025-04-01 10:24:24.281
476,8,1121,2025-04-01 10:24:37.786,2025-04-01 10:24:37.43
477,20,1121,2025-04-01 10:24:37.786,2025-04-01 10:24:37.43
478,1,1122,2025-04-01 10:25:12.563,2025-04-01 10:25:12.209
479,1,1123,2025-04-01 10:25:23.073,2025-04-01 10:25:22.719
480,1,1124,2025-04-01 10:25:35.647,2025-04-01 10:25:35.293
481,1,1126,2025-04-01 10:26:23.262,2025-04-01 10:26:22.908
482,1,1129,2025-04-01 10:27:16.73,2025-04-01 10:27:16.375
483,1,1131,2025-04-01 10:28:13.484,2025-04-01 10:28:13.129
484,19,1132,2025-04-01 10:28:21.887,2025-04-01 10:28:21.533
485,19,1133,2025-04-01 10:28:32.891,2025-04-01 10:28:32.537
486,8,1134,2025-04-01 10:29:12.518,2025-04-01 10:29:12.162
487,20,1134,2025-04-01 10:29:12.518,2025-04-01 10:29:12.162
488,1,1135,2025-04-01 10:29:25.412,2025-04-01 10:29:25.056
489,1,1136,2025-04-01 10:29:38.155,2025-04-01 10:29:37.8
490,1,1137,2025-04-01 10:30:10.814,2025-04-01 10:30:10.457
491,1,1138,2025-04-01 10:30:21.018,2025-04-01 10:30:20.661
492,1,1139,2025-04-01 10:30:34.312,2025-04-01 10:30:33.957
493,10,1140,2025-04-01 10:31:14.828,2025-04-01 10:31:14.471
494,10,1141,2025-04-01 10:31:26.033,2025-04-01 10:31:25.679
495,1,1142,2025-04-01 10:31:40.62,2025-04-01 10:31:40.135
496,1,1143,2025-04-01 10:32:14.945,2025-04-01 10:32:14.591
497,1,1145,2025-04-01 10:32:43.87,2025-04-01 10:32:43.515
498,1,1146,2025-04-01 10:33:13.147,2025-04-01 10:33:12.79
499,1,1147,2025-04-01 10:33:24.887,2025-04-01 10:33:24.534
500,1,1148,2025-04-01 10:33:36.885,2025-04-01 10:33:36.533
501,1,1149,2025-04-01 10:34:13.631,2025-04-01 10:34:13.278
502,1,1150,2025-04-01 10:34:25.894,2025-04-01 10:34:25.54
503,1,1151,2025-04-01 10:34:36.227,2025-04-01 10:34:35.875
504,1,1152,2025-04-01 10:35:11.421,2025-04-01 10:35:11.069
505,1,1153,2025-04-01 10:35:21.895,2025-04-01 10:35:21.542
506,1,1154,2025-04-01 10:35:33.743,2025-04-01 10:35:33.392
507,1,1155,2025-04-01 10:36:13.72,2025-04-01 10:36:13.369
508,1,1156,2025-04-01 10:36:24.867,2025-04-01 10:36:24.516
509,1,1157,2025-04-01 10:36:36.774,2025-04-01 10:36:36.414
510,1,1158,2025-04-01 10:37:11.92,2025-04-01 10:37:11.568
511,1,1159,2025-04-01 10:37:24.383,2025-04-01 10:37:24.032
512,1,1160,2025-04-01 10:37:35.806,2025-04-01 10:37:35.454
513,11,1161,2025-04-01 10:38:12.303,2025-04-01 10:38:11.958
514,18,1161,2025-04-01 10:38:12.303,2025-04-01 10:38:11.958
515,11,1162,2025-04-01 10:38:24.297,2025-04-01 10:38:23.951
516,1,1163,2025-04-01 10:38:33.964,2025-04-01 10:38:33.6
517,1,1164,2025-04-01 10:39:11.745,2025-04-01 10:39:11.399
518,8,1165,2025-04-01 10:39:21.838,2025-04-01 10:39:21.492
519,1,1166,2025-04-01 10:39:33.862,2025-04-01 10:39:33.517
520,8,1167,2025-04-01 10:40:14.585,2025-04-01 10:40:14.236
521,1,1168,2025-04-01 10:40:26.052,2025-04-01 10:40:25.705
522,1,1169,2025-04-01 10:40:36.459,2025-04-01 10:40:36.111
523,12,1170,2025-04-01 10:41:12.164,2025-04-01 10:41:11.816
524,17,1171,2025-04-01 10:41:22.733,2025-04-01 10:41:22.385
525,1,1172,2025-04-01 10:41:32.551,2025-04-01 10:41:32.204
526,1,1173,2025-04-01 10:42:11.496,2025-04-01 10:42:11.146
527,1,1174,2025-04-01 10:42:21.706,2025-04-01 10:42:21.36
528,14,1175,2025-04-01 10:42:32.982,2025-04-01 10:42:32.631
529,1,1176,2025-04-01 10:43:12.574,2025-04-01 10:43:12.219
530,1,1177,2025-04-01 10:43:26.198,2025-04-01 10:43:25.851
531,1,1178,2025-04-01 10:43:37.701,2025-04-01 10:43:37.349
532,1,1179,2025-04-01 10:44:11.301,2025-04-01 10:44:10.95
533,1,1180,2025-04-01 10:44:21.502,2025-04-01 10:44:21.145
534,1,1181,2025-04-01 10:44:33.682,2025-04-01 10:44:33.328
535,1,1182,2025-04-01 10:45:13.224,2025-04-01 10:45:12.87
536,1,1183,2025-04-01 10:45:22.44,2025-04-01 10:45:22.088
537,21,1184,2025-04-01 10:45:34.513,2025-04-01 10:45:34.159
538,1,1185,2025-04-01 10:46:12.201,2025-04-01 10:46:11.844
539,1,1186,2025-04-01 10:46:24.16,2025-04-01 10:46:23.807
540,1,1187,2025-04-01 10:46:35.967,2025-04-01 10:46:35.612
541,8,1188,2025-04-01 10:47:09.871,2025-04-01 10:47:09.513
542,20,1188,2025-04-01 10:47:09.871,2025-04-01 10:47:09.513
543,8,1189,2025-04-01 10:47:21.839,2025-04-01 10:47:21.486
544,20,1189,2025-04-01 10:47:21.839,2025-04-01 10:47:21.486
545,8,1190,2025-04-01 10:47:32.52,2025-04-01 10:47:32.167
546,20,1190,2025-04-01 10:47:32.52,2025-04-01 10:47:32.167
547,8,1191,2025-04-01 10:48:10.429,2025-04-01 10:48:10.076
548,20,1191,2025-04-01 10:48:10.429,2025-04-01 10:48:10.076
549,8,1192,2025-04-01 10:48:22.971,2025-04-01 10:48:22.625
550,20,1192,2025-04-01 10:48:22.971,2025-04-01 10:48:22.625
551,8,1193,2025-04-01 10:48:35.115,2025-04-01 10:48:34.767
552,20,1193,2025-04-01 10:48:35.115,2025-04-01 10:48:34.767
553,1,1194,2025-04-01 10:49:10.825,2025-04-01 10:49:10.477
554,12,1195,2025-04-01 10:49:21.884,2025-04-01 10:49:21.537
555,12,1196,2025-04-01 10:49:33.521,2025-04-01 10:49:33.173
556,1,1197,2025-04-01 10:50:13.736,2025-04-01 10:50:13.389
557,1,1198,2025-04-01 10:50:25.466,2025-04-01 10:50:25.12
558,19,1199,2025-04-01 10:50:36.059,2025-04-01 10:50:35.714
559,1,1200,2025-04-01 10:51:10.376,2025-04-01 10:51:10.03
560,1,1201,2025-04-01 10:51:21.984,2025-04-01 10:51:21.638
561,1,1203,2025-04-01 10:52:09.833,2025-04-01 10:52:09.487
562,1,1204,2025-04-01 10:52:21.829,2025-04-01 10:52:21.484
563,21,1205,2025-04-01 10:52:33.431,2025-04-01 10:52:33.085
564,21,1206,2025-04-01 10:53:12.104,2025-04-01 10:53:11.757
565,21,1207,2025-04-01 10:53:21.589,2025-04-01 10:53:21.241
566,21,1208,2025-04-01 10:53:33.183,2025-04-01 10:53:32.831
567,1,1209,2025-04-01 10:54:12.726,2025-04-01 10:54:12.379
568,21,1210,2025-04-01 10:54:24.004,2025-04-01 10:54:23.652
569,1,1211,2025-04-01 10:54:33.73,2025-04-01 10:54:33.378
570,19,1212,2025-04-01 10:55:11.606,2025-04-01 10:55:11.255
571,21,1213,2025-04-01 10:55:20.315,2025-04-01 10:55:19.963
572,1,1214,2025-04-01 10:55:30.382,2025-04-01 10:55:30.03
573,10,1215,2025-04-01 10:56:14.79,2025-04-01 10:56:14.437
574,1,1216,2025-04-01 10:56:25.597,2025-04-01 10:56:25.24
575,1,1217,2025-04-01 10:56:34.488,2025-04-01 10:56:34.134
576,1,1218,2025-04-01 10:57:11.02,2025-04-01 10:57:10.667
577,1,1219,2025-04-01 10:57:22.985,2025-04-01 10:57:22.631
578,1,1220,2025-04-01 10:57:33.801,2025-04-01 10:57:33.45
579,1,1221,2025-04-01 10:58:11.381,2025-04-01 10:58:11.025
580,13,1222,2025-04-01 10:58:21.567,2025-04-01 10:58:21.215
581,13,1223,2025-04-01 10:58:30.349,2025-04-01 10:58:29.997
582,13,1224,2025-04-01 10:59:10.854,2025-04-01 10:59:10.496
583,1,1225,2025-04-01 10:59:20.67,2025-04-01 10:59:20.326
584,13,1226,2025-04-01 10:59:31.633,2025-04-01 10:59:31.28
585,13,1227,2025-04-01 11:00:13.056,2025-04-01 11:00:12.697
586,1,1228,2025-04-01 11:00:24.186,2025-04-01 11:00:23.828
587,1,1229,2025-04-01 11:00:35.912,2025-04-01 11:00:35.56
588,1,1230,2025-04-01 11:01:10.744,2025-04-01 11:01:10.389
589,1,1231,2025-04-01 11:01:23.404,2025-04-01 11:01:23.053
590,1,1232,2025-04-01 11:01:33.59,2025-04-01 11:01:33.237
591,1,1233,2025-04-01 11:02:13.619,2025-04-01 11:02:13.264
592,1,1234,2025-04-01 11:02:26.239,2025-04-01 11:02:25.884
593,1,1235,2025-04-01 11:02:36.262,2025-04-01 11:02:35.908
594,15,1236,2025-04-01 11:03:12.553,2025-04-01 11:03:12.2
595,20,1237,2025-04-01 11:03:23.072,2025-04-01 11:03:22.717
596,8,1237,2025-04-01 11:03:23.072,2025-04-01 11:03:22.717
597,17,1238,2025-04-01 11:03:33.402,2025-04-01 11:03:33.05
598,20,1238,2025-04-01 11:03:33.402,2025-04-01 11:03:33.05
599,17,1239,2025-04-01 11:04:10.768,2025-04-01 11:04:10.418
600,20,1239,2025-04-01 11:04:10.768,2025-04-01 11:04:10.418
601,1,1241,2025-04-01 11:04:32.916,2025-04-01 11:04:32.567
602,1,1242,2025-04-01 11:05:11.661,2025-04-01 11:05:11.309
603,1,1243,2025-04-01 11:05:21.636,2025-04-01 11:05:21.286
604,0,1244,2025-04-01 11:05:34.055,2025-04-01 11:05:33.706
605,1,1245,2025-04-01 11:06:12.792,2025-04-01 11:06:12.443
606,1,1246,2025-04-01 11:06:23.061,2025-04-01 11:06:22.712
607,1,1247,2025-04-01 11:06:33.295,2025-04-01 11:06:32.944
608,1,1248,2025-04-01 11:07:10.376,2025-04-01 11:07:10.026
609,1,1249,2025-04-01 11:07:19.716,2025-04-01 11:07:19.366
610,1,1250,2025-04-01 11:07:32.304,2025-04-01 11:07:31.952
611,8,1251,2025-04-01 11:08:11.74,2025-04-01 11:08:11.388
612,20,1251,2025-04-01 11:08:11.74,2025-04-01 11:08:11.388
613,1,1252,2025-04-01 11:08:22.37,2025-04-01 11:08:22.02
614,5,1253,2025-04-01 11:08:34.068,2025-04-01 11:08:33.715
615,21,1253,2025-04-01 11:08:34.068,2025-04-01 11:08:33.715
616,1,1254,2025-04-01 11:09:13.871,2025-04-01 11:09:13.52
617,1,1255,2025-04-01 11:09:24.679,2025-04-01 11:09:24.335
618,1,1256,2025-04-01 11:09:34.574,2025-04-01 11:09:34.222
619,1,1257,2025-04-01 11:10:12.12,2025-04-01 11:10:11.764
620,1,1258,2025-04-01 11:10:23.3,2025-04-01 11:10:22.947
621,21,1259,2025-04-01 11:10:35.021,2025-04-01 11:10:34.668
622,21,1260,2025-04-01 11:11:11.003,2025-04-01 11:11:10.649
623,21,1261,2025-04-01 11:11:20.445,2025-04-01 11:11:20.094
624,1,1262,2025-04-01 11:11:32.768,2025-04-01 11:11:32.414
625,1,1263,2025-04-01 11:12:14.464,2025-04-01 11:12:14.111
626,21,1264,2025-04-01 11:12:25.68,2025-04-01 11:12:25.327
627,1,1265,2025-04-01 11:12:38.738,2025-04-01 11:12:38.382
628,10,1266,2025-04-01 11:13:11.894,2025-04-01 11:13:11.541
629,6,1266,2025-04-01 11:13:11.894,2025-04-01 11:13:11.541
630,10,1268,2025-04-01 11:13:31.55,2025-04-01 11:13:31.196
631,20,1306,2025-04-01 11:14:22.776,2025-04-01 11:14:22.43
632,8,1306,2025-04-01 11:14:22.776,2025-04-01 11:14:22.43
633,18,1307,2025-04-01 11:14:32.844,2025-04-01 11:14:32.489
634,10,1270,2025-04-01 11:15:10.992,2025-04-01 11:15:10.628
635,10,1271,2025-04-01 11:15:22.044,2025-04-01 11:15:21.684
636,6,1273,2025-04-01 11:16:15.173,2025-04-01 11:16:14.813
637,10,1273,2025-04-01 11:16:15.173,2025-04-01 11:16:14.813
638,12,1273,2025-04-01 11:16:15.173,2025-04-01 11:16:14.813
639,10,1274,2025-04-01 11:16:27.308,2025-04-01 11:16:26.951
640,10,1275,2025-04-01 11:16:37.97,2025-04-01 11:16:37.614
641,17,1275,2025-04-01 11:16:37.97,2025-04-01 11:16:37.614
642,10,1276,2025-04-01 11:17:11.459,2025-04-01 11:17:11.104
643,17,1276,2025-04-01 11:17:11.459,2025-04-01 11:17:11.104
644,6,1277,2025-04-01 11:17:22.042,2025-04-01 11:17:21.682
645,10,1277,2025-04-01 11:17:22.042,2025-04-01 11:17:21.682
646,12,1277,2025-04-01 11:17:22.042,2025-04-01 11:17:21.682
647,17,1277,2025-04-01 11:17:22.042,2025-04-01 11:17:21.682
648,18,1277,2025-04-01 11:17:22.042,2025-04-01 11:17:21.682
649,6,1278,2025-04-01 11:17:33.969,2025-04-01 11:17:33.613
650,10,1278,2025-04-01 11:17:33.969,2025-04-01 11:17:33.613
651,17,1278,2025-04-01 11:17:33.969,2025-04-01 11:17:33.613
652,6,1279,2025-04-01 11:18:10.29,2025-04-01 11:18:09.934
653,10,1279,2025-04-01 11:18:10.29,2025-04-01 11:18:09.934
654,17,1279,2025-04-01 11:18:10.29,2025-04-01 11:18:09.934
655,10,1280,2025-04-01 11:18:20.365,2025-04-01 11:18:20.009
656,8,1280,2025-04-01 11:18:20.365,2025-04-01 11:18:20.009
657,10,1281,2025-04-01 11:18:30.308,2025-04-01 11:18:29.946
658,8,1281,2025-04-01 11:18:30.308,2025-04-01 11:18:29.946
659,10,1282,2025-04-01 11:19:11.32,2025-04-01 11:19:10.965
660,8,1282,2025-04-01 11:19:11.32,2025-04-01 11:19:10.965
661,1,1283,2025-04-01 11:19:20.839,2025-04-01 11:19:20.49
662,1,1285,2025-04-01 11:20:14.619,2025-04-01 11:20:14.265
663,1,1286,2025-04-01 11:20:23.432,2025-04-01 11:20:23.08
664,1,1287,2025-04-01 11:20:32.183,2025-04-01 11:20:31.826
665,1,1288,2025-04-01 11:21:10.866,2025-04-01 11:21:10.512
666,1,1289,2025-04-01 11:21:22.722,2025-04-01 11:21:22.369
667,1,1290,2025-04-01 11:21:31.521,2025-04-01 11:21:31.168
668,1,1291,2025-04-01 11:22:11.383,2025-04-01 11:22:11.02
669,1,1292,2025-04-01 11:22:23.068,2025-04-01 11:22:22.713
670,5,1293,2025-04-01 11:22:32.947,2025-04-01 11:22:32.594
671,1,1294,2025-04-01 11:23:12.011,2025-04-01 11:23:11.657
672,1,1295,2025-04-01 11:23:22.249,2025-04-01 11:23:21.894
673,1,1296,2025-04-01 11:23:32.746,2025-04-01 11:23:32.391
674,1,1297,2025-04-01 11:24:13.407,2025-04-01 11:24:13.054
675,1,1298,2025-04-01 11:24:24.695,2025-04-01 11:24:24.346
676,1,1299,2025-04-01 11:24:34.172,2025-04-01 11:24:33.828
677,0,1300,2025-04-01 11:25:10.656,2025-04-01 11:25:10.303
678,19,1301,2025-04-01 11:25:23.801,2025-04-01 11:25:23.452
679,8,1302,2025-04-01 11:25:35.097,2025-04-01 11:25:34.741
680,20,1302,2025-04-01 11:25:35.097,2025-04-01 11:25:34.741
681,20,1303,2025-04-01 11:26:10.709,2025-04-01 11:26:10.357
682,8,1303,2025-04-01 11:26:10.709,2025-04-01 11:26:10.357
683,8,1304,2025-04-01 11:26:19.465,2025-04-01 11:26:19.113
684,20,1304,2025-04-01 11:26:19.465,2025-04-01 11:26:19.113
685,8,1305,2025-04-01 11:26:30.697,2025-04-01 11:26:30.342
686,20,1305,2025-04-01 11:26:30.697,2025-04-01 11:26:30.342
687,18,1308,2025-04-01 11:27:12.29,2025-04-01 11:27:11.934
688,10,1309,2025-04-01 11:27:24.1,2025-04-01 11:27:23.748
689,10,1310,2025-04-01 11:27:34.181,2025-04-01 11:27:33.828
690,10,1311,2025-04-01 11:28:12.473,2025-04-01 11:28:12.121
691,10,1312,2025-04-01 11:28:24.013,2025-04-01 11:28:23.655
692,6,1313,2025-04-01 11:28:34.914,2025-04-01 11:28:34.562
693,8,1313,2025-04-01 11:28:34.914,2025-04-01 11:28:34.562
694,17,1313,2025-04-01 11:28:34.914,2025-04-01 11:28:34.562
695,18,1313,2025-04-01 11:28:34.914,2025-04-01 11:28:34.562
696,10,1314,2025-04-01 11:29:11.121,2025-04-01 11:29:10.766
697,17,1314,2025-04-01 11:29:11.121,2025-04-01 11:29:10.766
698,1,1315,2025-04-01 11:29:21.985,2025-04-01 11:29:21.64
699,1,1316,2025-04-01 11:29:34.066,2025-04-01 11:29:33.676
700,1,1317,2025-04-01 11:30:18.356,2025-04-01 11:30:18.004
701,1,1318,2025-04-01 11:30:30.043,2025-04-01 11:30:29.695
702,1,1319,2025-04-01 11:30:42.043,2025-04-01 11:30:41.688
703,1,1320,2025-04-01 11:31:09.914,2025-04-01 11:31:09.564
704,1,1321,2025-04-01 11:31:21.664,2025-04-01 11:31:21.314
705,1,1322,2025-04-01 11:31:33.029,2025-04-01 11:31:32.675
706,1,1323,2025-04-01 11:32:11.54,2025-04-01 11:32:11.188
707,17,1324,2025-04-01 11:32:22.283,2025-04-01 11:32:21.928
708,1,1325,2025-04-01 11:32:32.069,2025-04-01 11:32:31.718
709,1,1326,2025-04-01 11:33:12.544,2025-04-01 11:33:12.194
710,1,1327,2025-04-01 11:33:22.342,2025-04-01 11:33:21.99
711,1,1328,2025-04-01 11:33:32.154,2025-04-01 11:33:31.803
712,1,1329,2025-04-01 11:34:10.876,2025-04-01 11:34:10.525
713,1,1330,2025-04-01 11:34:22.443,2025-04-01 11:34:22.095
714,1,1331,2025-04-01 11:34:32.444,2025-04-01 11:34:32.091
715,1,1332,2025-04-01 11:35:11.314,2025-04-01 11:35:10.962
716,1,1333,2025-04-01 11:35:21.654,2025-04-01 11:35:21.305
717,1,1334,2025-04-01 11:35:31.512,2025-04-01 11:35:31.162
718,12,1335,2025-04-01 11:36:11.676,2025-04-01 11:36:11.326
719,12,1336,2025-04-01 11:36:23.308,2025-04-01 11:36:22.957
720,12,1337,2025-04-01 11:36:34.245,2025-04-01 11:36:33.893
721,12,1338,2025-04-01 11:37:10.069,2025-04-01 11:37:09.72
722,12,1339,2025-04-01 11:37:19.321,2025-04-01 11:37:18.97
723,8,1340,2025-04-01 11:37:31.602,2025-04-01 11:37:31.25
724,1,1341,2025-04-01 11:38:12.151,2025-04-01 11:38:11.8
725,1,1343,2025-04-01 11:38:31.155,2025-04-01 11:38:30.805
726,1,1344,2025-04-01 11:39:09.792,2025-04-01 11:39:09.442
727,0,1345,2025-04-01 11:39:21.479,2025-04-01 11:39:21.128
728,1,1346,2025-04-01 11:39:31.431,2025-04-01 11:39:31.082
729,1,1347,2025-04-01 11:40:10.806,2025-04-01 11:40:10.457
730,1,1348,2025-04-01 11:40:22.9,2025-04-01 11:40:22.552
731,1,1349,2025-04-01 11:40:32.397,2025-04-01 11:40:32.043
732,0,1350,2025-04-01 11:41:10.84,2025-04-01 11:41:10.487
733,1,1351,2025-04-01 11:41:23.824,2025-04-01 11:41:23.473
734,1,1352,2025-04-01 11:41:34.869,2025-04-01 11:41:34.515
735,1,1353,2025-04-01 11:42:09.041,2025-04-01 11:42:08.688
736,10,1354,2025-04-01 11:42:20.803,2025-04-01 11:42:20.448
737,1,1355,2025-04-01 11:42:31.996,2025-04-01 11:42:31.643
738,10,1356,2025-04-01 11:43:12.917,2025-04-01 11:43:12.562
739,10,1357,2025-04-01 11:43:24.906,2025-04-01 11:43:24.553
740,10,1358,2025-04-01 11:43:34.513,2025-04-01 11:43:34.156
741,1,1359,2025-04-01 11:44:12.734,2025-04-01 11:44:12.381
742,1,1360,2025-04-01 11:44:23.431,2025-04-01 11:44:23.069
743,1,1361,2025-04-01 11:44:34.22,2025-04-01 11:44:33.867
744,10,1362,2025-04-01 11:45:14.796,2025-04-01 11:45:14.443
745,17,1362,2025-04-01 11:45:14.796,2025-04-01 11:45:14.443
746,19,1362,2025-04-01 11:45:14.796,2025-04-01 11:45:14.443
747,0,1363,2025-04-01 11:45:23.254,2025-04-01 11:45:22.901
748,1,1364,2025-04-01 11:45:33.242,2025-04-01 11:45:32.887
749,0,1365,2025-04-01 11:46:12.168,2025-04-01 11:46:11.814
750,1,1366,2025-04-01 11:46:24.182,2025-04-01 11:46:23.831
751,1,1367,2025-04-01 12:47:12.776,2025-04-01 12:47:12.417
752,1,1368,2025-04-01 12:47:22.841,2025-04-01 12:47:22.485
753,1,1369,2025-04-01 12:47:34.839,2025-04-01 12:47:34.482
754,10,1370,2025-04-01 12:48:13.011,2025-04-01 12:48:12.654
755,20,1370,2025-04-01 12:48:13.011,2025-04-01 12:48:12.654
756,8,1370,2025-04-01 12:48:13.011,2025-04-01 12:48:12.654
757,1,1371,2025-04-01 12:48:23.325,2025-04-01 12:48:22.968
758,1,1372,2025-04-01 12:48:34.619,2025-04-01 12:48:34.264
759,1,1373,2025-04-01 12:49:12.1,2025-04-01 12:49:11.74
760,1,1374,2025-04-01 12:49:21.695,2025-04-01 12:49:21.34
761,1,1375,2025-04-01 12:49:34.13,2025-04-01 12:49:33.771
762,1,1376,2025-04-01 12:50:12.507,2025-04-01 12:50:12.152
763,1,1377,2025-04-01 12:50:23.739,2025-04-01 12:50:23.382
764,1,1378,2025-04-01 12:50:35.562,2025-04-01 12:50:35.207
765,1,1379,2025-04-01 12:51:12.984,2025-04-01 12:51:12.628
766,1,1380,2025-04-01 12:51:22.318,2025-04-01 12:51:21.963
767,1,1381,2025-04-01 12:51:34.745,2025-04-01 12:51:34.39
768,10,1382,2025-04-01 12:52:11.777,2025-04-01 12:52:10.998
769,1,1383,2025-04-01 12:52:22.396,2025-04-01 12:52:22.044
770,0,1384,2025-04-01 12:52:32.827,2025-04-01 12:52:32.475
771,1,1385,2025-04-01 12:53:11.42,2025-04-01 12:53:11.068
772,1,1386,2025-04-01 12:53:23.051,2025-04-01 12:53:22.7
773,1,1387,2025-04-01 12:53:34.357,2025-04-01 12:53:34.005
774,1,1389,2025-04-01 12:54:19.151,2025-04-01 12:54:18.798
775,1,1390,2025-04-01 12:54:32.049,2025-04-01 12:54:31.697
776,5,1391,2025-04-01 12:55:09.999,2025-04-01 12:55:09.646
777,21,1391,2025-04-01 12:55:09.999,2025-04-01 12:55:09.646
778,5,1392,2025-04-01 12:55:21.164,2025-04-01 12:55:20.812
779,21,1392,2025-04-01 12:55:21.164,2025-04-01 12:55:20.812
780,5,1393,2025-04-01 12:55:34.142,2025-04-01 12:55:33.791
781,21,1393,2025-04-01 12:55:34.142,2025-04-01 12:55:33.791
782,5,1394,2025-04-01 12:56:13.513,2025-04-01 12:56:13.16
783,21,1394,2025-04-01 12:56:13.513,2025-04-01 12:56:13.16
784,1,1395,2025-04-01 12:56:24.484,2025-04-01 12:56:24.13
785,10,1396,2025-04-01 12:56:36.163,2025-04-01 12:56:35.809
786,10,1397,2025-04-01 12:57:09.722,2025-04-01 12:57:09.369
787,10,1400,2025-04-01 12:58:11.383,2025-04-01 12:58:11.034
788,10,1401,2025-04-01 12:58:21.074,2025-04-01 12:58:20.725
789,10,1402,2025-04-01 12:58:30.705,2025-04-01 12:58:30.356
790,10,1403,2025-04-01 12:59:14.571,2025-04-01 12:59:14.223
791,10,1404,2025-04-01 12:59:23.986,2025-04-01 12:59:23.638
792,10,1406,2025-04-01 13:00:14.024,2025-04-01 13:00:13.675
793,10,1407,2025-04-01 13:00:25.4,2025-04-01 13:00:25.05
794,10,1408,2025-04-01 13:00:35.354,2025-04-01 13:00:35.001
795,10,1409,2025-04-01 13:01:12.781,2025-04-01 13:01:12.433
796,10,1410,2025-04-01 13:01:23.685,2025-04-01 13:01:23.337
797,10,1411,2025-04-01 13:01:32.822,2025-04-01 13:01:32.468
798,10,1412,2025-04-01 13:02:11.367,2025-04-01 13:02:11.018
799,6,1414,2025-04-01 13:02:32.433,2025-04-01 13:02:31.652
800,10,1414,2025-04-01 13:02:32.433,2025-04-01 13:02:31.652
801,10,1416,2025-04-01 13:03:22.067,2025-04-01 13:03:21.713
802,10,1417,2025-04-01 13:03:33.77,2025-04-01 13:03:33.419
803,10,1418,2025-04-01 13:04:10.046,2025-04-01 13:04:09.696
804,10,1419,2025-04-01 13:04:22.659,2025-04-01 13:04:22.305
805,10,1420,2025-04-01 13:04:34.186,2025-04-01 13:04:33.836
806,10,1422,2025-04-01 13:05:20.797,2025-04-01 13:05:20.446
807,10,1423,2025-04-01 13:05:29.63,2025-04-01 13:05:29.28
808,1,1424,2025-04-01 13:06:12.142,2025-04-01 13:06:11.792
809,1,1425,2025-04-01 13:06:23.955,2025-04-01 13:06:23.602
810,1,1426,2025-04-01 13:06:35.658,2025-04-01 13:06:35.307
811,1,1427,2025-04-01 13:07:11.938,2025-04-01 13:07:11.587
812,1,1428,2025-04-01 13:07:24.683,2025-04-01 13:07:24.332
813,1,1429,2025-04-01 13:07:36.042,2025-04-01 13:07:35.691
814,1,1430,2025-04-01 13:08:12.712,2025-04-01 13:08:12.355
815,1,1431,2025-04-01 13:08:24.836,2025-04-01 13:08:24.477
816,1,1432,2025-04-01 13:08:36.908,2025-04-01 13:08:36.553
817,1,1433,2025-04-01 13:09:11.723,2025-04-01 13:09:11.368
818,1,1435,2025-04-01 13:09:32.12,2025-04-01 13:09:31.765
819,1,1437,2025-04-01 13:10:21.29,2025-04-01 13:10:20.935
820,1,1438,2025-04-01 13:10:31.903,2025-04-01 13:10:31.547
821,1,1440,2025-04-01 13:11:23.054,2025-04-01 13:11:22.698
822,1,1441,2025-04-01 13:11:32.601,2025-04-01 13:11:32.245
823,1,1442,2025-04-01 13:12:13.392,2025-04-01 13:12:13.036
824,8,1443,2025-04-01 13:12:22.092,2025-04-01 13:12:21.737
825,20,1443,2025-04-01 13:12:22.092,2025-04-01 13:12:21.737
826,1,1444,2025-04-01 13:12:33.43,2025-04-01 13:12:33.074
827,1,1446,2025-04-01 13:13:21.839,2025-04-01 13:13:21.486
828,1,1447,2025-04-01 13:13:32.387,2025-04-01 13:13:32.029
829,1,1450,2025-04-01 13:14:33.657,2025-04-01 13:14:33.304
830,10,1452,2025-04-01 13:15:21.409,2025-04-01 13:15:21.052
831,17,1452,2025-04-01 13:15:21.409,2025-04-01 13:15:21.052
832,10,1453,2025-04-01 13:15:31.035,2025-04-01 13:15:30.682
833,10,1454,2025-04-01 13:16:12.174,2025-04-01 13:16:11.816
834,17,1454,2025-04-01 13:16:12.174,2025-04-01 13:16:11.816
835,10,1455,2025-04-01 13:16:23.991,2025-04-01 13:16:23.636
836,17,1455,2025-04-01 13:16:23.991,2025-04-01 13:16:23.636
837,10,1456,2025-04-01 13:16:36.773,2025-04-01 13:16:36.415
838,10,1457,2025-04-01 13:17:13.191,2025-04-01 13:17:12.837
839,17,1457,2025-04-01 13:17:13.191,2025-04-01 13:17:12.837
840,10,1458,2025-04-01 13:17:25.395,2025-04-01 13:17:25.04
841,19,1458,2025-04-01 13:17:25.395,2025-04-01 13:17:25.04
842,17,1458,2025-04-01 13:17:25.395,2025-04-01 13:17:25.04
843,10,1459,2025-04-01 13:17:38.269,2025-04-01 13:17:37.909
844,19,1459,2025-04-01 13:17:38.269,2025-04-01 13:17:37.909
845,17,1459,2025-04-01 13:17:38.269,2025-04-01 13:17:37.909
846,10,1460,2025-04-01 13:18:12.272,2025-04-01 13:18:11.909
847,17,1460,2025-04-01 13:18:12.272,2025-04-01 13:18:11.909
848,0,1461,2025-04-01 13:18:25.224,2025-04-01 13:18:24.868
849,1,1462,2025-04-01 13:18:35.607,2025-04-01 13:18:35.25
850,1,1463,2025-04-01 13:19:10.029,2025-04-01 13:19:09.673
851,19,1464,2025-04-01 13:19:22.42,2025-04-01 13:19:22.066
852,1,1465,2025-04-01 13:19:32.385,2025-04-01 13:19:32.031
853,1,1469,2025-04-01 13:21:11.201,2025-04-01 13:21:10.845
854,1,1471,2025-04-01 13:21:33.122,2025-04-01 13:21:32.766
855,1,1472,2025-04-01 13:22:11.394,2025-04-01 13:22:11.04
856,1,1473,2025-04-01 13:22:26.46,2025-04-01 13:22:26.105
857,1,1476,2025-04-01 13:23:22.223,2025-04-01 13:23:21.869
858,18,1477,2025-04-01 13:23:32.555,2025-04-01 13:23:32.207
859,18,1478,2025-04-01 13:24:10.213,2025-04-01 13:24:09.858
860,6,1479,2025-04-01 13:24:22.762,2025-04-01 13:24:22.407
861,20,1479,2025-04-01 13:24:22.762,2025-04-01 13:24:22.407
862,8,1479,2025-04-01 13:24:22.762,2025-04-01 13:24:22.407
863,1,1480,2025-04-01 13:24:34.515,2025-04-01 13:24:34.161
864,1,1482,2025-04-01 13:25:20.581,2025-04-01 13:25:20.223
865,20,1484,2025-04-01 13:26:13.516,2025-04-01 13:26:13.16
866,8,1484,2025-04-01 13:26:13.516,2025-04-01 13:26:13.16
867,1,1486,2025-04-01 13:26:32.874,2025-04-01 13:26:32.516
868,8,1487,2025-04-01 13:27:10.956,2025-04-01 13:27:10.602
869,20,1487,2025-04-01 13:27:10.956,2025-04-01 13:27:10.602
870,20,1488,2025-04-01 13:27:23.448,2025-04-01 13:27:23.093
871,8,1488,2025-04-01 13:27:23.448,2025-04-01 13:27:23.093
872,20,1489,2025-04-01 13:27:35.809,2025-04-01 13:27:35.453
873,8,1489,2025-04-01 13:27:35.809,2025-04-01 13:27:35.453
874,10,1489,2025-04-01 13:27:35.809,2025-04-01 13:27:35.453
875,17,1489,2025-04-01 13:27:35.809,2025-04-01 13:27:35.453
876,15,1490,2025-04-01 13:28:11.986,2025-04-01 13:28:11.635
877,19,1490,2025-04-01 13:28:11.986,2025-04-01 13:28:11.635
878,1,1491,2025-04-01 13:28:20.962,2025-04-01 13:28:20.608
879,17,1492,2025-04-01 13:28:33.44,2025-04-01 13:28:33.094
880,20,1492,2025-04-01 13:28:33.44,2025-04-01 13:28:33.094
881,8,1492,2025-04-01 13:28:33.44,2025-04-01 13:28:33.094
882,1,1496,2025-04-01 13:30:13.095,2025-04-01 13:30:12.745
883,1,1497,2025-04-01 13:30:23.699,2025-04-01 13:30:23.35
884,1,1498,2025-04-01 13:30:35.518,2025-04-01 13:30:35.17
885,11,1500,2025-04-01 13:31:21.422,2025-04-01 13:31:21.076
886,11,1501,2025-04-01 13:31:32.203,2025-04-01 13:31:31.855
887,18,1501,2025-04-01 13:31:32.203,2025-04-01 13:31:31.855
888,11,1502,2025-04-01 13:32:14.372,2025-04-01 13:32:14.024
889,18,1502,2025-04-01 13:32:14.372,2025-04-01 13:32:14.024
890,11,1503,2025-04-01 13:32:24.933,2025-04-01 13:32:24.585
891,6,1504,2025-04-01 13:32:36.965,2025-04-01 13:32:36.617
892,20,1504,2025-04-01 13:32:36.965,2025-04-01 13:32:36.617
893,8,1504,2025-04-01 13:32:36.965,2025-04-01 13:32:36.617
894,0,1505,2025-04-01 13:33:12.344,2025-04-01 13:33:11.99
895,1,1506,2025-04-01 13:33:24.58,2025-04-01 13:33:24.225
896,1,1509,2025-04-01 13:34:21.699,2025-04-01 13:34:21.345
897,1,1511,2025-04-01 13:35:12.566,2025-04-01 13:35:12.213
898,1,1512,2025-04-01 13:35:23.726,2025-04-01 13:35:23.37
899,1,1513,2025-04-01 13:35:34.694,2025-04-01 13:35:34.341
900,1,1514,2025-04-01 13:36:12.83,2025-04-01 13:36:12.476
901,15,1515,2025-04-01 13:36:24.952,2025-04-01 13:36:24.598
902,20,1518,2025-04-01 13:37:24.785,2025-04-01 13:37:24.432
903,8,1518,2025-04-01 13:37:24.785,2025-04-01 13:37:24.432
904,8,1519,2025-04-01 13:37:36.294,2025-04-01 13:37:35.941
905,20,1519,2025-04-01 13:37:36.294,2025-04-01 13:37:35.941
906,8,1520,2025-04-01 13:38:10.972,2025-04-01 13:38:10.612
907,20,1520,2025-04-01 13:38:10.972,2025-04-01 13:38:10.612
908,8,1521,2025-04-01 13:38:24.398,2025-04-01 13:38:24.049
909,20,1521,2025-04-01 13:38:24.398,2025-04-01 13:38:24.049
910,8,1524,2025-04-01 13:39:22.234,2025-04-01 13:39:21.881
911,20,1524,2025-04-01 13:39:22.234,2025-04-01 13:39:21.881
912,8,1525,2025-04-01 13:39:32.584,2025-04-01 13:39:32.23
913,20,1525,2025-04-01 13:39:32.584,2025-04-01 13:39:32.23
914,8,1526,2025-04-01 13:40:15.04,2025-04-01 13:40:14.685
915,20,1526,2025-04-01 13:40:15.04,2025-04-01 13:40:14.685
916,8,1527,2025-04-01 13:40:27.483,2025-04-01 13:40:27.126
917,20,1527,2025-04-01 13:40:27.483,2025-04-01 13:40:27.126
918,8,1528,2025-04-01 13:40:38.191,2025-04-01 13:40:37.838
919,20,1528,2025-04-01 13:40:38.191,2025-04-01 13:40:37.838
920,8,1529,2025-04-01 13:41:12.441,2025-04-01 13:41:12.087
921,20,1529,2025-04-01 13:41:12.441,2025-04-01 13:41:12.087
922,17,1530,2025-04-01 13:41:24.268,2025-04-01 13:41:23.907
923,19,1530,2025-04-01 13:41:24.268,2025-04-01 13:41:23.907
924,1,1531,2025-04-01 13:41:34.52,2025-04-01 13:41:34.167
925,1,1532,2025-04-01 13:42:11.992,2025-04-01 13:42:11.64
926,1,1533,2025-04-01 13:42:23.04,2025-04-01 13:42:22.685
927,1,1534,2025-04-01 13:42:34.048,2025-04-01 13:42:33.696
928,1,1535,2025-04-01 13:43:13.735,2025-04-01 13:43:13.387
929,1,1536,2025-04-01 13:43:26.51,2025-04-01 13:43:26.158
930,20,1537,2025-04-01 13:43:38.367,2025-04-01 13:43:38.014
931,8,1537,2025-04-01 13:43:38.367,2025-04-01 13:43:38.014
932,1,1538,2025-04-01 13:44:14.95,2025-04-01 13:44:14.596
933,1,1539,2025-04-01 13:44:26.868,2025-04-01 13:44:26.509
934,1,1540,2025-04-01 13:44:37.309,2025-04-01 13:44:36.953
935,1,1541,2025-04-01 13:45:11.562,2025-04-01 13:45:11.207
936,1,1542,2025-04-01 13:45:19.916,2025-04-01 13:45:19.561
937,1,1543,2025-04-01 13:45:31.868,2025-04-01 13:45:31.513
938,1,1545,2025-04-01 13:46:19.307,2025-04-01 13:46:18.942
939,1,1546,2025-04-01 13:46:28.006,2025-04-01 13:46:27.65
940,8,1547,2025-04-01 13:47:12.027,2025-04-01 13:47:11.67
941,20,1547,2025-04-01 13:47:12.027,2025-04-01 13:47:11.67
942,1,1548,2025-04-01 13:47:21.755,2025-04-01 13:47:21.398
943,15,1550,2025-04-01 13:48:14.292,2025-04-01 13:48:13.94
944,17,1551,2025-04-01 13:48:24.055,2025-04-01 13:48:23.699
945,20,1551,2025-04-01 13:48:24.055,2025-04-01 13:48:23.699
946,17,1552,2025-04-01 13:48:35.109,2025-04-01 13:48:34.758
947,20,1552,2025-04-01 13:48:35.109,2025-04-01 13:48:34.758
948,0,1553,2025-04-01 13:49:12.515,2025-04-01 13:49:12.16
949,1,1554,2025-04-01 13:49:26.172,2025-04-01 13:49:25.821
950,1,1555,2025-04-01 13:49:35.476,2025-04-01 13:49:35.128
951,1,1556,2025-04-01 13:50:12.601,2025-04-01 13:50:12.247
952,1,1558,2025-04-01 13:50:33.994,2025-04-01 13:50:33.64
953,1,1559,2025-04-01 13:51:12.362,2025-04-01 13:51:12.008
954,1,1560,2025-04-01 13:51:22.029,2025-04-01 13:51:21.677
955,5,1561,2025-04-01 13:51:32.47,2025-04-01 13:51:32.114
956,21,1561,2025-04-01 13:51:32.47,2025-04-01 13:51:32.114
957,17,1563,2025-04-01 13:52:20.596,2025-04-01 13:52:20.243
958,20,1563,2025-04-01 13:52:20.596,2025-04-01 13:52:20.243
959,8,1563,2025-04-01 13:52:20.596,2025-04-01 13:52:20.243
960,1,1564,2025-04-01 13:52:31.803,2025-04-01 13:52:31.449
961,1,1565,2025-04-01 13:53:11.099,2025-04-01 13:53:10.746
962,1,1566,2025-04-01 13:53:21.723,2025-04-01 13:53:21.375
963,1,1567,2025-04-01 13:53:32.68,2025-04-01 13:53:32.326
964,1,1569,2025-04-01 13:54:23.047,2025-04-01 13:54:22.692
965,1,1570,2025-04-01 13:54:34.635,2025-04-01 13:54:34.281
966,1,1572,2025-04-01 13:55:21.573,2025-04-01 13:55:21.218
967,1,1573,2025-04-01 13:55:30.089,2025-04-01 13:55:29.733
968,18,1577,2025-04-01 13:57:11.79,2025-04-01 13:57:11.433
969,18,1578,2025-04-01 13:57:23.237,2025-04-01 13:57:22.88
970,1,1580,2025-04-01 13:58:11.229,2025-04-01 13:58:10.872
971,14,1581,2025-04-01 13:58:21.714,2025-04-01 13:58:21.36
972,6,1582,2025-04-01 13:58:33.05,2025-04-01 13:58:32.69
973,10,1582,2025-04-01 13:58:33.05,2025-04-01 13:58:32.69
974,20,1582,2025-04-01 13:58:33.05,2025-04-01 13:58:32.69
975,8,1582,2025-04-01 13:58:33.05,2025-04-01 13:58:32.69
976,6,1583,2025-04-01 13:59:12.296,2025-04-01 13:59:11.52
977,8,1583,2025-04-01 13:59:12.296,2025-04-01 13:59:11.52
978,20,1583,2025-04-01 13:59:12.296,2025-04-01 13:59:11.52
979,6,1584,2025-04-01 13:59:24.123,2025-04-01 13:59:23.772
980,10,1584,2025-04-01 13:59:24.123,2025-04-01 13:59:23.772
981,20,1584,2025-04-01 13:59:24.123,2025-04-01 13:59:23.772
982,8,1584,2025-04-01 13:59:24.123,2025-04-01 13:59:23.772
983,6,1585,2025-04-01 13:59:35.359,2025-04-01 13:59:35.008
984,8,1585,2025-04-01 13:59:35.359,2025-04-01 13:59:35.008
985,20,1585,2025-04-01 13:59:35.359,2025-04-01 13:59:35.008
986,6,1586,2025-04-01 14:00:15.988,2025-04-01 14:00:15.637
987,8,1586,2025-04-01 14:00:15.988,2025-04-01 14:00:15.637
988,20,1586,2025-04-01 14:00:15.988,2025-04-01 14:00:15.637
989,6,1587,2025-04-01 14:00:27.914,2025-04-01 14:00:27.562
990,8,1587,2025-04-01 14:00:27.914,2025-04-01 14:00:27.562
991,20,1587,2025-04-01 14:00:27.914,2025-04-01 14:00:27.562
992,6,1588,2025-04-01 14:00:37.661,2025-04-01 14:00:37.31
993,10,1588,2025-04-01 14:00:37.661,2025-04-01 14:00:37.31
994,20,1588,2025-04-01 14:00:37.661,2025-04-01 14:00:37.31
995,8,1588,2025-04-01 14:00:37.661,2025-04-01 14:00:37.31
996,1,1589,2025-04-01 14:01:11.84,2025-04-01 14:01:11.487
997,1,1590,2025-04-01 14:01:24.079,2025-04-01 14:01:23.721
998,1,1591,2025-04-01 14:01:35.378,2025-04-01 14:01:35.027
999,1,1592,2025-04-01 14:02:13.553,2025-04-01 14:02:13.202
1000,1,1593,2025-04-01 14:02:23.093,2025-04-01 14:02:22.739
1001,1,1594,2025-04-01 14:02:33.064,2025-04-01 14:02:32.713
1002,1,1595,2025-04-01 14:03:12.765,2025-04-01 14:03:12.413
1003,1,1596,2025-04-01 14:03:25.287,2025-04-01 14:03:24.936
1004,1,1597,2025-04-01 14:03:36.157,2025-04-01 14:03:35.805
1005,1,1598,2025-04-01 14:04:13.868,2025-04-01 14:04:13.52
1006,1,1599,2025-04-01 14:04:24.116,2025-04-01 14:04:23.763
1007,1,1600,2025-04-01 14:04:35.891,2025-04-01 14:04:35.539
1008,1,1601,2025-04-01 14:05:19.773,2025-04-01 14:05:19.419
1009,1,1602,2025-04-01 14:05:32.801,2025-04-01 14:05:32.444
1010,1,1603,2025-04-01 14:05:43.367,2025-04-01 14:05:43.017
1011,4,1604,2025-04-01 14:06:12.486,2025-04-01 14:06:12.135
1012,1,1605,2025-04-01 14:06:21.811,2025-04-01 14:06:21.459
1013,17,1606,2025-04-01 14:06:34.84,2025-04-01 14:06:34.488
1014,1,1607,2025-04-01 14:07:11.485,2025-04-01 14:07:11.135
1015,1,1608,2025-04-01 14:07:22.487,2025-04-01 14:07:22.134
1016,1,1609,2025-04-01 14:07:31.921,2025-04-01 14:07:31.57
1017,1,1610,2025-04-01 14:08:14.553,2025-04-01 14:08:14.2
1018,1,1613,2025-04-01 14:09:13.835,2025-04-01 14:09:13.039
1019,1,1617,2025-04-01 14:10:23.727,2025-04-01 14:10:23.374
1020,1,1618,2025-04-01 14:10:35.075,2025-04-01 14:10:34.724
1021,1,1619,2025-04-01 14:11:12.153,2025-04-01 14:11:11.802
1022,5,1620,2025-04-01 14:11:23.596,2025-04-01 14:11:23.243
1023,21,1620,2025-04-01 14:11:23.596,2025-04-01 14:11:23.243
1024,5,1621,2025-04-01 14:11:33.328,2025-04-01 14:11:32.973
1025,21,1621,2025-04-01 14:11:33.328,2025-04-01 14:11:32.973
1026,5,1622,2025-04-01 14:12:14.453,2025-04-01 14:12:14.103
1027,21,1622,2025-04-01 14:12:14.453,2025-04-01 14:12:14.103
1028,1,1624,2025-04-01 14:12:35.288,2025-04-01 14:12:34.937
1029,1,1626,2025-04-01 14:13:22.902,2025-04-01 14:13:22.551
1030,7,1628,2025-04-01 14:14:09.723,2025-04-01 14:14:09.371
1031,1,1631,2025-04-01 14:15:13.025,2025-04-01 14:15:12.674
1032,1,1632,2025-04-01 14:15:22.927,2025-04-01 14:15:22.577
1033,1,1635,2025-04-01 14:16:21.706,2025-04-01 14:16:21.353
1034,1,1637,2025-04-01 14:17:12.744,2025-04-01 14:17:12.393
1035,1,1639,2025-04-01 14:17:35.189,2025-04-01 14:17:34.839
1036,1,1640,2025-04-01 14:18:13.219,2025-04-01 14:18:12.868
1037,1,1641,2025-04-01 14:18:25.571,2025-04-01 14:18:25.22
1038,1,1642,2025-04-01 14:18:38.648,2025-04-01 14:18:38.297
1039,1,1643,2025-04-01 14:19:13.578,2025-04-01 14:19:13.227
1040,1,1644,2025-04-01 14:19:23.9,2025-04-01 14:19:23.549
1041,1,1645,2025-04-01 14:19:34.833,2025-04-01 14:19:34.482
1042,1,1646,2025-04-01 14:20:14.622,2025-04-01 14:20:14.269
1043,1,1647,2025-04-01 14:20:24.974,2025-04-01 14:20:24.623
1044,1,1648,2025-04-01 14:20:35.941,2025-04-01 14:20:35.584
1045,19,1649,2025-04-01 14:21:13.384,2025-04-01 14:21:13.031
1046,19,1650,2025-04-01 14:21:25.631,2025-04-01 14:21:25.277
1047,19,1651,2025-04-01 14:21:37.532,2025-04-01 14:21:37.181
1048,19,1652,2025-04-01 14:22:12.429,2025-04-01 14:22:12.076
1049,19,1653,2025-04-01 14:22:23.708,2025-04-01 14:22:23.35
1050,19,1654,2025-04-01 14:22:35.446,2025-04-01 14:22:35.09
1051,19,1655,2025-04-01 14:23:11.445,2025-04-01 14:23:11.09
1052,19,1656,2025-04-01 14:23:22.002,2025-04-01 14:23:21.65
1053,19,1659,2025-04-01 14:24:21.873,2025-04-01 14:24:21.521
1054,19,1660,2025-04-01 14:24:34.564,2025-04-01 14:24:34.21
1055,12,1661,2025-04-01 14:25:13.967,2025-04-01 14:25:13.614
1056,19,1662,2025-04-01 14:25:24.262,2025-04-01 14:25:23.911
1057,19,1663,2025-04-01 14:25:35.975,2025-04-01 14:25:35.616
1058,19,1664,2025-04-01 14:26:13.451,2025-04-01 14:26:13.1
1059,19,1665,2025-04-01 14:26:26.537,2025-04-01 14:26:26.185
1060,19,1667,2025-04-01 14:27:13.877,2025-04-01 14:27:13.524
1061,19,1668,2025-04-01 14:27:24.62,2025-04-01 14:27:24.269
1062,12,1669,2025-04-01 14:27:35.709,2025-04-01 14:27:35.357
1063,19,1671,2025-04-01 14:28:17.513,2025-04-01 14:28:17.161
1064,19,1676,2025-04-01 14:30:17.157,2025-04-01 14:30:16.805
1065,8,1676,2025-04-01 14:30:17.157,2025-04-01 14:30:16.805
1066,1,1677,2025-04-01 14:30:26.399,2025-04-01 14:30:26.047
1067,20,1678,2025-04-01 14:30:36.023,2025-04-01 14:30:35.67
1068,8,1678,2025-04-01 14:30:36.023,2025-04-01 14:30:35.67
1069,10,1678,2025-04-01 14:30:36.023,2025-04-01 14:30:35.67
1070,6,1678,2025-04-01 14:30:36.023,2025-04-01 14:30:35.67
1071,1,1679,2025-04-01 14:31:09.947,2025-04-01 14:31:09.591
1072,1,1680,2025-04-01 14:31:19.966,2025-04-01 14:31:19.612
1073,21,1681,2025-04-01 14:31:31.243,2025-04-01 14:31:30.889
1074,1,1683,2025-04-01 14:32:28.77,2025-04-01 14:32:28.412
1075,1,1684,2025-04-01 14:32:41.295,2025-04-01 14:32:40.936
1076,1,1685,2025-04-01 14:33:12.63,2025-04-01 14:33:12.27
1077,1,1686,2025-04-01 14:33:22.509,2025-04-01 14:33:22.152
1078,1,1687,2025-04-01 14:33:34.076,2025-04-01 14:33:33.716
1079,0,1688,2025-04-01 14:34:10.974,2025-04-01 14:34:10.617
1080,10,1689,2025-04-01 14:34:20.552,2025-04-01 14:34:20.196
1081,17,1689,2025-04-01 14:34:20.552,2025-04-01 14:34:20.196
1082,20,1689,2025-04-01 14:34:20.552,2025-04-01 14:34:20.196
1083,8,1689,2025-04-01 14:34:20.552,2025-04-01 14:34:20.196
1084,10,1692,2025-04-01 14:35:21.193,2025-04-01 14:35:20.835
1085,10,1694,2025-04-01 14:36:14.651,2025-04-01 14:36:14.295
1086,10,1695,2025-04-01 14:36:24.76,2025-04-01 14:36:24.402
1087,17,1695,2025-04-01 14:36:24.76,2025-04-01 14:36:24.402
1088,20,1695,2025-04-01 14:36:24.76,2025-04-01 14:36:24.402
1089,10,1696,2025-04-01 14:36:36.155,2025-04-01 14:36:35.786
1090,17,1696,2025-04-01 14:36:36.155,2025-04-01 14:36:35.786
1091,20,1696,2025-04-01 14:36:36.155,2025-04-01 14:36:35.786
1092,12,1696,2025-04-01 14:36:36.155,2025-04-01 14:36:35.786
1093,19,1696,2025-04-01 14:36:36.155,2025-04-01 14:36:35.786
1094,12,1697,2025-04-01 14:37:11.301,2025-04-01 14:37:10.945
1095,10,1697,2025-04-01 14:37:11.301,2025-04-01 14:37:10.945
1096,17,1697,2025-04-01 14:37:11.301,2025-04-01 14:37:10.945
1097,0,1698,2025-04-01 14:37:22.302,2025-04-01 14:37:21.943
1098,10,1699,2025-04-01 14:37:32.72,2025-04-01 14:37:32.374
1099,17,1699,2025-04-01 14:37:32.72,2025-04-01 14:37:32.374
1100,10,1700,2025-04-01 14:38:11.273,2025-04-01 14:38:10.925
1101,17,1700,2025-04-01 14:38:11.273,2025-04-01 14:38:10.925
1102,10,1701,2025-04-01 14:38:20.775,2025-04-01 14:38:20.423
1103,12,1701,2025-04-01 14:38:20.775,2025-04-01 14:38:20.423
1104,10,1702,2025-04-01 14:38:32.64,2025-04-01 14:38:32.291
1105,10,1703,2025-04-01 14:39:10.482,2025-04-01 14:39:10.132
1106,10,1704,2025-04-01 14:39:21.197,2025-04-01 14:39:20.847
1107,1,1705,2025-04-01 14:39:32.034,2025-04-01 14:39:31.684
1108,1,1706,2025-04-01 14:40:12.803,2025-04-01 14:40:12.454
1109,1,1707,2025-04-01 14:40:23.092,2025-04-01 14:40:22.743
1110,0,1708,2025-04-01 14:40:33.785,2025-04-01 14:40:33.436
1111,1,1709,2025-04-01 14:41:13.502,2025-04-01 14:41:13.152
1112,1,1710,2025-04-01 14:41:25.972,2025-04-01 14:41:25.619
1113,1,1711,2025-04-01 14:41:37.243,2025-04-01 14:41:36.894
1114,1,1712,2025-04-01 14:42:10.683,2025-04-01 14:42:10.334
1115,0,1715,2025-04-01 14:43:13.585,2025-04-01 14:43:13.23
1116,11,1716,2025-04-01 14:43:23.67,2025-04-01 14:43:23.317
1117,1,1717,2025-04-01 14:43:34.441,2025-04-01 14:43:34.088
1118,0,1721,2025-04-01 14:45:12.371,2025-04-01 14:45:12.014
1119,5,1722,2025-04-01 14:45:24.53,2025-04-01 14:45:24.175
1120,21,1722,2025-04-01 14:45:24.53,2025-04-01 14:45:24.175
1121,5,1723,2025-04-01 14:45:33.848,2025-04-01 14:45:33.495
1122,21,1723,2025-04-01 14:45:33.848,2025-04-01 14:45:33.495
1123,1,1724,2025-04-01 14:46:12.214,2025-04-01 14:46:11.86
1124,1,1726,2025-04-01 14:46:39.978,2025-04-01 14:46:39.624
1125,1,1727,2025-04-01 14:47:12.702,2025-04-01 14:47:12.349
1126,1,1728,2025-04-01 14:47:25.918,2025-04-01 14:47:25.565
1127,1,1729,2025-04-01 14:47:37.58,2025-04-01 14:47:37.229
1128,1,1730,2025-04-01 14:48:11.682,2025-04-01 14:48:11.324
1129,1,1731,2025-04-01 14:48:23.154,2025-04-01 14:48:22.797
1130,11,1732,2025-04-01 14:48:33.518,2025-04-01 14:48:33.164
1131,4,1732,2025-04-01 14:48:33.518,2025-04-01 14:48:33.164
1132,1,1733,2025-04-01 14:49:10.583,2025-04-01 14:49:10.227
1133,1,1734,2025-04-01 14:49:22.746,2025-04-01 14:49:22.39
1134,1,1735,2025-04-01 14:49:33.355,2025-04-01 14:49:32.997
1135,1,1736,2025-04-01 14:50:11.33,2025-04-01 14:50:10.977
1136,1,1739,2025-04-01 14:51:10.412,2025-04-01 14:51:10.061
1137,1,1740,2025-04-01 14:51:18.805,2025-04-01 14:51:18.448
1138,1,1741,2025-04-01 14:51:29.958,2025-04-01 14:51:29.607
1139,1,1742,2025-04-01 14:52:12.025,2025-04-01 14:52:11.679
1140,0,1743,2025-04-01 14:52:20.333,2025-04-01 14:52:19.987
1141,1,1744,2025-04-01 14:52:31.272,2025-04-01 14:52:30.925
1142,11,1746,2025-04-01 14:53:23.17,2025-04-01 14:53:22.819
1143,11,1747,2025-04-01 14:53:33.175,2025-04-01 14:53:32.826
1144,1,1749,2025-04-01 14:54:22.49,2025-04-01 14:54:22.139
1145,1,1750,2025-04-01 14:54:33.222,2025-04-01 14:54:32.872
1146,1,1751,2025-04-01 14:55:13.77,2025-04-01 14:55:13.419
1147,1,1752,2025-04-01 14:55:24.356,2025-04-01 14:55:24.004
1148,1,1753,2025-04-01 14:55:36.656,2025-04-01 14:55:36.306
1149,1,1754,2025-04-01 14:56:13.645,2025-04-01 14:56:13.295
1150,1,1756,2025-04-01 14:56:32.095,2025-04-01 14:56:31.743
1151,1,1757,2025-04-01 14:57:11.013,2025-04-01 14:57:10.663
1152,1,1758,2025-04-01 14:57:23.761,2025-04-01 14:57:23.411
1153,1,1759,2025-04-01 14:57:34.807,2025-04-01 14:57:34.457
1154,1,1760,2025-04-01 14:58:10.53,2025-04-01 14:58:10.179
1155,1,1761,2025-04-01 14:58:21.011,2025-04-01 14:58:20.661
1156,1,1762,2025-04-01 14:58:31.006,2025-04-01 14:58:30.655
1157,1,1763,2025-04-01 14:59:11.52,2025-04-01 14:59:11.168
1158,1,1764,2025-04-01 14:59:23.498,2025-04-01 14:59:23.147
1159,1,1765,2025-04-01 14:59:32.505,2025-04-01 14:59:32.154
1160,1,1766,2025-04-01 15:00:13.244,2025-04-01 15:00:12.892
1161,11,1767,2025-04-01 15:00:27.285,2025-04-01 15:00:26.867
1162,1,1768,2025-04-01 15:00:39.869,2025-04-01 15:00:39.519
1163,0,1769,2025-04-01 15:01:11.19,2025-04-01 15:01:10.84
1164,0,1771,2025-04-01 15:01:29.845,2025-04-01 15:01:29.495
1165,0,1772,2025-04-01 15:02:10.503,2025-04-01 15:02:10.153
1166,0,1773,2025-04-01 15:02:22.155,2025-04-01 15:02:21.804
1167,0,1776,2025-04-01 15:03:20.189,2025-04-01 15:03:19.837
1168,0,1777,2025-04-01 15:03:30.897,2025-04-01 15:03:30.547
1169,10,1778,2025-04-01 15:04:13.324,2025-04-01 15:04:12.976
1170,10,1779,2025-04-01 15:04:27.092,2025-04-01 15:04:26.673
1171,0,1780,2025-04-01 15:04:40.534,2025-04-01 15:04:40.187
1172,1,1781,2025-04-01 15:05:13.161,2025-04-01 15:05:12.811
1173,17,1782,2025-04-01 15:05:24.39,2025-04-01 15:05:24.039
1174,1,1784,2025-04-01 15:06:14.151,2025-04-01 15:06:13.799
1175,1,1785,2025-04-01 15:06:25.668,2025-04-01 15:06:25.317
1176,1,1786,2025-04-01 15:06:35.548,2025-04-01 15:06:35.196
1177,1,1788,2025-04-01 15:07:22.293,2025-04-01 15:07:21.94
1178,1,1789,2025-04-01 15:07:32.801,2025-04-01 15:07:32.45
1179,1,1790,2025-04-01 15:08:11.983,2025-04-01 15:08:11.63
1180,1,1791,2025-04-01 15:08:23.792,2025-04-01 15:08:23.439
1181,1,1793,2025-04-01 15:09:11.135,2025-04-01 15:09:10.784
1182,21,1796,2025-04-01 15:10:12.659,2025-04-01 15:10:12.307
1183,21,1797,2025-04-01 15:10:21.962,2025-04-01 15:10:21.608
1184,1,1799,2025-04-01 15:11:10.943,2025-04-01 15:11:10.592
1185,1,1800,2025-04-01 15:11:22.732,2025-04-01 15:11:22.38
1186,1,1802,2025-04-01 15:12:11.776,2025-04-01 15:12:11.425
1187,1,1803,2025-04-01 15:12:23.454,2025-04-01 15:12:23.1
1188,1,1804,2025-04-01 15:12:35.419,2025-04-01 15:12:35.068
1189,1,1805,2025-04-01 15:13:12.732,2025-04-01 15:13:12.38
1190,1,1809,2025-04-01 15:14:24.153,2025-04-01 15:14:23.804
1191,1,1879,2025-04-01 15:16:12.025,2025-04-01 15:16:11.67
1192,17,1880,2025-04-01 15:16:21.225,2025-04-01 15:16:20.867
1193,20,1880,2025-04-01 15:16:21.225,2025-04-01 15:16:20.867
1194,8,1880,2025-04-01 15:16:21.225,2025-04-01 15:16:20.867
1195,1,1815,2025-04-01 15:17:13.042,2025-04-01 15:17:12.691
1196,1,1816,2025-04-01 15:17:21.522,2025-04-01 15:17:21.17
1197,1,1817,2025-04-01 15:17:32.082,2025-04-01 15:17:31.731
1198,1,1818,2025-04-01 15:18:13.475,2025-04-01 15:18:13.123
1199,1,1821,2025-04-01 15:19:14.234,2025-04-01 15:19:13.883
1200,1,1822,2025-04-01 15:19:25.266,2025-04-01 15:19:24.919
1201,1,1823,2025-04-01 15:19:34.689,2025-04-01 15:19:34.341
1202,1,1824,2025-04-01 15:20:12.26,2025-04-01 15:20:11.911
1203,21,1827,2025-04-01 15:21:12.486,2025-04-01 15:21:12.137
1204,21,1828,2025-04-01 15:21:24.043,2025-04-01 15:21:23.696
1205,21,1829,2025-04-01 15:21:36.74,2025-04-01 15:21:36.392
1206,21,1831,2025-04-01 15:22:22.748,2025-04-01 15:22:22.4
1207,21,1833,2025-04-01 15:23:11.898,2025-04-01 15:23:11.55
1208,1,1835,2025-04-01 15:23:32.882,2025-04-01 15:23:32.534
1209,1,1836,2025-04-01 15:24:12.51,2025-04-01 15:24:12.16
1210,1,1837,2025-04-01 15:24:23.443,2025-04-01 15:24:23.097
1211,1,1838,2025-04-01 15:24:34.246,2025-04-01 15:24:33.899
1212,1,1839,2025-04-01 15:25:10.675,2025-04-01 15:25:10.324
1213,21,1840,2025-04-01 15:25:21.983,2025-04-01 15:25:21.635
1214,21,1841,2025-04-01 15:25:32.51,2025-04-01 15:25:32.163
1215,1,1842,2025-04-01 15:26:14.054,2025-04-01 15:26:13.709
1216,1,1844,2025-04-01 15:26:35.292,2025-04-01 15:26:34.947
1217,1,1847,2025-04-01 15:27:28.876,2025-04-01 15:27:28.531
1218,1,1851,2025-04-01 15:29:14.428,2025-04-01 15:29:14.082
1219,1,1852,2025-04-01 15:29:23.732,2025-04-01 15:29:23.387
1220,1,1853,2025-04-01 15:29:33.486,2025-04-01 15:29:32.719
1221,1,1854,2025-04-01 15:30:09.309,2025-04-01 15:30:08.963
1222,1,1855,2025-04-01 15:30:19.985,2025-04-01 15:30:19.634
1223,1,1856,2025-04-01 15:30:29.251,2025-04-01 15:30:28.898
1224,1,1857,2025-04-01 15:31:11.99,2025-04-01 15:31:11.64
1225,21,1858,2025-04-01 15:31:23.282,2025-04-01 15:31:22.931
1226,21,1859,2025-04-01 15:31:32.336,2025-04-01 15:31:31.985
1227,1,1860,2025-04-01 15:32:09.958,2025-04-01 15:32:09.608
1228,5,1861,2025-04-01 15:32:20.776,2025-04-01 15:32:20.427
1229,1,1862,2025-04-01 15:32:31.19,2025-04-01 15:32:30.84
1230,1,1864,2025-04-01 15:33:18.57,2025-04-01 15:33:18.219
1231,5,1865,2025-04-01 15:33:29.732,2025-04-01 15:33:29.383
1232,1,1868,2025-04-01 15:34:31.139,2025-04-01 15:34:30.789
1233,1,1869,2025-04-01 15:35:09.896,2025-04-01 15:35:09.544
1234,1,1870,2025-04-01 15:35:20.465,2025-04-01 15:35:20.113
1235,1,1871,2025-04-01 15:35:30.665,2025-04-01 15:35:30.313
1236,1,1872,2025-04-01 15:36:11.8,2025-04-01 15:36:11.448
1237,1,1873,2025-04-01 15:36:23.347,2025-04-01 15:36:22.995
1238,1,1875,2025-04-01 15:37:12.236,2025-04-01 15:37:11.885
1245,1,1882,2025-07-31 09:19:18.483,2025-07-31 09:19:18.129
1246,1,1885,2025-07-31 09:31:11.291,2025-07-31 09:31:10.94
1253,1,1890,2025-09-02 15:16:12.642,2025-09-02 15:16:12.279
1254,0,1891,2025-09-04 11:45:12.648,2025-09-04 11:45:12.285
1257,1,1,2025-09-10 13:17:50.517,2025-09-10 13:17:50.15