id,whole,peeled,peeled_and_cored,diced,sliced,grated,updated_at,ingredients_id,custom,custom_name
43,1.000,0.000,0.000,0.000,0.000,0.000,2025-03-31 21:16:10.539,687,0.000,Custom
44,1.000,0.000,0.000,0.000,0.000,0.000,2025-03-31 21:16:20.763,688,0.000,Custom
45,1.000,0.850,0.750,0.950,0.950,0.900,2025-03-31 21:16:30.836,689,0.000,Custom
46,0.000,0.000,0.000,0.000,0.000,0.000,2025-03-31 21:17:10.978,690,0.000,Custom
47,1.000,0.900,0.850,0.950,0.950,0.000,2025-03-31 21:17:19.288,691,0.000,Custom
48,1.000,0.900,0.850,0.950,0.950,0.000,2025-03-31 21:17:29.722,692,0.000,Custom
49,1.000,0.750,0.650,0.900,0.950,0.000,2025-03-31 21:18:11.267,693,0.000,Custom
50,1.000,1.000,1.000,1.000,1.000,1.000,2025-03-31 21:18:22.267,694,0.000,Custom
51,1.000,0.900,0.000,0.950,0.950,0.900,2025-03-31 21:18:33.369,695,0.000,Custom
52,1.000,0.000,0.000,0.000,0.000,0.000,2025-03-31 21:19:08.635,696,0.000,Custom
53,1.000,0.000,0.000,0.000,0.000,0.000,2025-03-31 21:19:17.792,697,0.000,Custom
54,1.000,0.650,0.000,0.000,0.000,0.000,2025-03-31 21:19:27.865,698,0.000,Custom
55,1.000,0.000,0.000,0.000,0.000,0.000,2025-03-31 21:20:10.484,699,0.000,Custom
56,0.000,0.000,0.000,0.000,0.000,0.000,2025-03-31 21:20:20.439,700,0.000,Custom
57,1.000,0.000,0.000,0.900,0.900,0.000,2025-03-31 21:20:32.912,701,0.000,Custom
58,1.000,0.000,0.000,0.000,0.000,0.000,2025-03-31 21:21:10.264,702,0.000,Custom
59,1.000,0.000,0.000,0.000,0.000,0.000,2025-03-31 21:21:22.429,703,0.000,Custom
60,1.000,0.000,0.000,0.900,0.950,0.000,2025-03-31 21:21:34.058,704,0.000,Custom
61,1.000,0.900,0.000,0.950,0.950,0.000,2025-03-31 21:22:08.836,705,0.000,Custom
62,1.000,0.000,0.000,0.000,0.000,0.000,2025-03-31 21:22:20.903,706,0.000,Custom
63,1.000,0.850,0.000,0.900,0.950,0.900,2025-03-31 21:22:31.813,707,0.000,Custom
64,1.000,0.000,0.000,1.000,1.000,0.000,2025-03-31 21:23:11.703,708,0.000,Custom
65,1.000,0.000,0.000,0.000,0.000,0.000,2025-03-31 21:23:22.179,709,0.000,Custom
66,1.000,0.000,0.000,0.000,0.000,0.000,2025-03-31 21:23:31.242,710,0.000,Custom
67,1.000,0.000,0.000,0.000,0.000,0.000,2025-03-31 21:24:13.271,711,0.000,Custom
68,1.000,0.000,0.000,0.900,0.900,0.000,2025-03-31 21:24:22.991,712,0.000,Custom
69,1.000,0.000,0.000,0.000,0.000,0.000,2025-03-31 21:24:32.279,713,0.000,Custom
70,1.000,0.900,0.000,0.800,0.850,0.000,2025-03-31 21:25:21.991,715,0.000,Custom
71,1.000,0.000,0.000,0.900,0.900,0.000,2025-03-31 21:25:30.32,716,0.000,Custom
72,1.000,0.000,0.000,0.000,0.000,0.000,2025-03-31 21:26:12.805,717,0.000,Custom
73,1.000,0.000,0.000,0.000,0.000,0.000,2025-03-31 21:26:22.595,718,0.000,Custom
74,1.000,0.900,0.850,0.800,0.900,0.700,2025-03-31 21:27:10.353,720,0.000,Custom
75,1.000,0.000,0.000,0.000,0.000,0.000,2025-03-31 21:27:20.555,721,0.000,Custom
76,1.000,0.000,0.000,0.000,0.000,0.000,2025-03-31 21:27:29.67,722,0.000,Custom
77,1.000,0.000,0.000,0.000,0.000,0.000,2025-03-31 21:28:10.945,723,0.000,Custom
78,1.000,0.000,0.000,0.000,0.000,0.000,2025-03-31 21:28:21.514,724,0.000,Custom
79,1.000,0.000,0.000,0.000,0.000,0.000,2025-03-31 21:28:30.687,725,0.000,Custom
80,1.000,0.850,0.000,0.900,0.950,0.900,2025-03-31 21:29:09.792,726,0.000,Custom
81,1.000,0.900,0.800,0.850,0.900,0.800,2025-03-31 21:29:29.352,728,0.000,Custom
82,1.000,0.900,0.000,0.850,0.900,0.000,2025-03-31 21:30:12.559,729,0.000,Custom
83,1.000,0.000,0.000,0.000,0.000,0.000,2025-03-31 21:30:22.906,730,0.000,Custom
84,1.000,0.000,0.000,0.000,0.000,0.000,2025-03-31 21:30:32.155,731,0.000,Custom
85,1.000,0.000,0.000,0.000,0.000,0.000,2025-03-31 21:31:10.799,732,0.000,Custom
86,1.000,0.900,0.000,0.950,0.950,0.000,2025-03-31 21:31:21.138,733,0.000,Custom
87,1.000,0.000,0.000,0.000,0.000,0.000,2025-03-31 21:31:32.047,734,0.000,Custom
88,1.000,0.000,0.000,0.000,0.000,0.000,2025-03-31 21:32:10.007,735,0.000,Custom
89,1.000,0.000,0.000,0.000,0.000,0.000,2025-03-31 21:32:20.763,736,0.000,Custom
90,1.000,0.000,0.000,0.000,0.000,0.000,2025-03-31 21:32:29.27,737,0.000,Custom
91,1.000,0.900,0.000,0.000,0.000,0.000,2025-03-31 21:33:09.197,738,0.000,Custom
92,1.000,0.000,0.000,0.000,0.000,0.000,2025-03-31 21:33:17.207,739,0.000,Custom
93,1.000,0.000,0.000,0.000,0.000,0.000,2025-03-31 21:33:28.016,740,0.000,Custom
94,1.000,0.900,0.850,0.950,0.950,0.000,2025-03-31 21:34:09.58,741,0.000,Custom
95,1.000,0.000,0.000,0.000,0.000,0.000,2025-03-31 21:34:19.026,742,0.000,Custom
96,1.000,0.000,0.000,0.900,0.900,0.000,2025-03-31 21:34:29.454,743,0.000,Custom
97,1.000,0.000,0.000,0.000,0.000,0.000,2025-03-31 21:35:09.597,744,0.000,Custom
98,1.000,0.000,0.000,0.000,0.000,0.000,2025-03-31 21:35:18.771,745,0.000,Custom
99,1.000,0.000,0.000,0.000,0.000,0.000,2025-03-31 21:35:28.254,746,0.000,Custom
100,1.000,0.000,0.000,0.000,0.000,0.000,2025-03-31 21:36:10.051,747,0.000,Custom
101,1.000,0.000,0.000,0.000,0.000,0.000,2025-03-31 21:36:19.356,748,0.000,Custom
102,1.000,0.000,0.000,0.000,0.000,0.000,2025-03-31 21:36:31.764,749,0.000,Custom
103,1.000,0.700,0.600,0.800,0.850,0.900,2025-03-31 21:37:10.11,750,0.000,Custom
104,1.000,0.000,0.000,0.000,0.000,0.000,2025-03-31 21:37:19.973,751,0.000,Custom
105,1.000,0.000,0.000,0.000,0.000,0.000,2025-03-31 21:38:09.418,753,0.000,Custom
106,1.000,0.900,0.000,0.900,0.900,0.000,2025-03-31 21:38:20.823,754,0.000,Custom
107,1.000,0.000,0.000,0.000,0.000,0.000,2025-03-31 21:38:30.77,755,0.000,Custom
108,1.000,0.000,0.000,0.900,0.900,0.000,2025-03-31 21:39:10.998,756,0.000,Custom
109,1.000,0.000,0.000,0.000,0.000,0.000,2025-03-31 21:39:31.803,758,0.000,Custom
110,1.000,0.900,0.850,0.950,0.950,0.900,2025-03-31 21:40:11.696,759,0.000,Custom
111,1.000,0.000,0.000,0.000,0.000,0.000,2025-03-31 21:40:23.183,760,0.000,Custom
112,1.000,0.000,0.000,0.000,0.000,0.000,2025-03-31 21:40:32.207,761,0.000,Custom
113,1.000,0.000,0.000,0.000,0.000,0.000,2025-03-31 21:41:11.592,762,0.000,Custom
114,1.000,0.000,0.000,0.000,0.000,0.000,2025-03-31 21:41:21.134,763,0.000,Custom
115,1.000,0.900,0.000,0.000,0.000,0.000,2025-03-31 21:42:11.256,765,0.000,Custom
116,1.000,0.000,0.000,0.000,0.000,0.000,2025-03-31 21:42:19.987,766,0.000,Custom
117,1.000,0.000,0.000,0.000,0.000,0.000,2025-03-31 21:42:30.808,767,0.000,Custom
118,1.000,0.900,0.850,0.800,0.850,0.750,2025-03-31 21:43:09.46,768,0.000,Custom
119,1.000,0.900,0.000,0.950,0.950,0.000,2025-03-31 21:43:18.775,769,0.000,Custom
120,1.000,0.000,0.000,0.000,0.000,0.000,2025-03-31 21:43:28.345,770,0.000,Custom
121,1.000,0.000,0.000,0.000,0.000,0.000,2025-03-31 21:44:10.873,771,0.000,Custom
122,1.000,0.000,0.000,0.000,0.000,0.000,2025-03-31 21:44:19.937,772,0.000,Custom
123,1.000,0.000,0.000,0.000,0.000,0.000,2025-03-31 21:44:30.341,773,0.000,Custom
124,1.000,1.000,1.000,1.000,1.000,1.000,2025-03-31 21:45:10.909,774,0.000,Custom
125,0.000,0.000,0.000,0.000,0.000,0.000,2025-03-31 21:45:20.331,775,0.000,Custom
126,1.000,0.700,0.000,0.600,0.600,0.500,2025-03-31 21:45:29.576,776,0.000,Custom
127,1.000,0.000,0.000,0.000,0.000,0.000,2025-03-31 21:46:10.697,777,0.000,Custom
128,1.000,0.800,0.700,0.900,0.950,0.900,2025-03-31 21:46:19.058,778,0.000,Custom
129,1.000,0.850,0.000,0.000,0.000,0.000,2025-03-31 21:46:28.28,779,0.000,Custom
130,1.000,0.850,0.000,0.800,0.800,0.750,2025-03-31 21:47:12.501,780,0.000,Custom
131,1.000,0.000,0.000,0.000,0.000,0.000,2025-03-31 21:47:22.347,781,0.000,Custom
132,1.000,0.000,0.000,0.000,0.000,0.000,2025-03-31 21:47:33.248,782,0.000,Custom
133,1.000,0.000,0.000,0.000,0.000,0.000,2025-03-31 21:48:20.93,784,0.000,Custom
134,1.000,0.750,0.000,0.000,0.000,0.000,2025-03-31 21:48:29,785,0.000,Custom
135,1.000,0.950,0.000,0.900,0.900,0.000,2025-03-31 21:49:11.112,786,0.000,Custom
136,1.000,0.000,0.000,0.900,0.000,0.900,2025-03-31 21:49:29.474,788,0.000,Custom
137,1.000,0.000,0.000,0.000,0.000,0.000,2025-03-31 21:50:09.612,789,0.000,Custom
138,1.000,0.000,0.000,0.000,0.000,0.000,2025-03-31 21:50:19.548,790,0.000,Custom
139,1.000,0.000,0.000,0.000,0.000,0.000,2025-03-31 21:50:29.784,791,0.000,Custom
140,1.000,0.000,0.000,0.000,0.000,0.000,2025-03-31 21:51:10.268,792,0.000,Custom
141,1.000,0.000,0.000,0.000,0.000,0.000,2025-03-31 21:51:20.769,793,0.000,Custom
142,1.000,0.000,0.000,0.900,0.900,0.000,2025-03-31 21:51:31.86,794,0.000,Custom
143,1.000,0.000,0.000,0.000,0.000,0.000,2025-03-31 21:52:09.691,795,0.000,Custom
144,1.000,0.850,0.000,0.900,0.950,0.000,2025-03-31 21:52:19.042,796,0.000,Custom
145,1.000,0.000,0.000,0.000,0.000,0.000,2025-03-31 21:52:29.041,797,0.000,Custom
146,1.000,0.000,0.000,0.000,0.000,0.000,2025-03-31 21:53:09.871,798,0.000,Custom
147,1.000,0.850,0.000,0.800,0.800,0.000,2025-03-31 21:53:19.861,799,0.000,Custom
148,1.000,0.750,0.000,0.900,0.950,0.800,2025-03-31 21:54:10.751,801,0.000,Custom
149,1.000,0.000,0.000,0.000,0.000,0.000,2025-03-31 21:54:21.301,802,0.000,Custom
150,1.000,0.000,0.000,0.900,0.900,0.000,2025-03-31 21:54:30.234,803,0.000,Custom
151,1.000,0.000,0.000,0.000,0.000,0.000,2025-03-31 21:55:10.604,804,0.000,Custom
152,1.000,0.700,0.000,0.900,0.950,0.000,2025-03-31 21:55:21.082,805,0.000,Custom
153,1.000,0.000,0.000,0.000,0.000,0.000,2025-03-31 21:55:31.554,806,0.000,Custom
154,1.000,0.900,0.000,0.000,0.000,0.000,2025-03-31 21:56:18.507,808,0.000,Custom
155,1.000,0.850,0.000,0.900,0.950,0.900,2025-03-31 21:56:30.096,809,0.000,Custom
156,1.000,0.900,0.000,0.000,0.000,0.000,2025-03-31 21:57:10.776,810,0.000,Custom
157,1.000,0.000,0.000,0.000,0.000,0.000,2025-03-31 21:57:23.742,811,0.000,Custom
158,1.000,0.000,0.000,0.000,0.000,0.000,2025-03-31 21:57:33.852,812,0.000,Custom
159,1.000,0.000,0.000,0.000,0.000,0.000,2025-03-31 21:58:11.755,813,0.000,Custom
160,1.000,0.000,0.000,0.000,0.000,0.000,2025-03-31 21:58:22.804,814,0.000,Custom
161,1.000,0.000,0.000,0.000,0.000,0.000,2025-03-31 21:58:32.078,815,0.000,Custom
162,1.000,0.900,0.850,0.950,0.950,0.000,2025-03-31 21:59:11.301,816,0.000,Custom
163,1.000,0.000,0.000,0.000,0.000,0.000,2025-03-31 21:59:19.458,817,0.000,Custom
164,1.000,0.900,0.000,0.800,0.900,0.000,2025-03-31 21:59:29.306,818,0.000,Custom
165,1.000,0.000,0.000,0.000,0.000,0.000,2025-03-31 22:00:13.169,819,0.000,Custom
166,1.000,0.000,0.000,0.000,0.000,0.000,2025-03-31 22:01:10.802,822,0.000,Custom
167,1.000,0.000,0.000,0.000,0.000,0.000,2025-03-31 22:01:21.607,823,0.000,Custom
168,1.000,0.000,0.000,0.000,0.000,0.000,2025-03-31 22:02:09.485,825,0.000,Custom
169,1.000,0.000,0.000,0.000,0.000,0.000,2025-03-31 22:02:19.648,826,0.000,Custom
170,1.000,0.950,0.000,0.000,0.000,0.000,2025-03-31 22:02:28.94,827,0.000,Custom
171,1.000,0.000,0.000,0.000,0.000,0.000,2025-03-31 22:03:09.445,828,0.000,Custom
172,1.000,0.000,0.000,0.000,0.000,0.000,2025-03-31 22:03:18.807,829,0.000,Custom
173,1.000,0.000,0.000,0.000,0.000,0.000,2025-03-31 22:04:10.675,831,0.000,Custom
174,1.000,0.000,0.000,0.000,0.000,0.000,2025-03-31 22:04:20.485,832,0.000,Custom
175,1.000,0.000,0.000,0.000,0.000,0.000,2025-03-31 22:04:30.466,833,0.000,Custom
176,1.000,0.000,0.000,0.000,0.000,0.000,2025-03-31 22:05:21.836,835,0.000,Custom
177,1.000,0.950,0.000,0.900,0.900,0.000,2025-03-31 22:05:31.326,836,0.000,Custom
178,0.000,0.000,0.000,0.000,0.000,0.000,2025-03-31 22:06:08.972,837,0.000,Custom
179,1.000,0.000,0.000,0.000,0.000,0.000,2025-03-31 22:06:19.694,838,0.000,Custom
180,1.000,0.850,0.000,0.800,0.800,0.000,2025-03-31 22:06:28.741,839,0.000,Custom
181,1.000,0.750,0.000,0.000,0.000,0.000,2025-03-31 22:07:08.769,840,0.000,Custom
182,1.000,0.750,0.000,0.800,0.850,0.000,2025-03-31 22:07:18.366,841,0.000,Custom
183,1.000,0.000,0.000,0.000,0.000,0.000,2025-03-31 22:07:30.308,842,0.000,Custom
184,1.000,0.000,0.000,0.000,0.000,0.000,2025-03-31 22:08:12.126,843,0.000,Custom
185,1.000,0.850,0.750,0.900,0.950,0.000,2025-03-31 22:08:28.29,845,0.000,Custom
186,1.000,0.000,0.000,0.000,0.000,0.000,2025-03-31 22:09:11.028,846,0.000,Custom
187,1.000,0.000,0.000,0.000,0.000,0.000,2025-03-31 22:09:20.309,847,0.000,Custom
188,1.000,0.000,0.000,0.000,0.000,0.000,2025-03-31 22:09:31.112,848,0.000,Custom
189,1.000,0.000,0.000,0.000,0.000,0.000,2025-03-31 22:10:12.345,849,0.000,Custom
190,1.000,0.850,0.750,0.900,0.950,0.000,2025-03-31 22:10:32.921,851,0.000,Custom
191,1.000,0.000,0.000,0.000,0.000,0.000,2025-03-31 22:11:08.14,852,0.000,Custom
192,1.000,1.000,1.000,1.000,1.000,1.000,2025-03-31 22:11:18.642,853,0.000,Custom
193,1.000,0.000,0.000,0.000,0.000,0.000,2025-03-31 22:11:27.526,854,0.000,Custom
194,1.000,0.900,0.800,0.950,0.950,0.000,2025-03-31 22:12:11.515,855,0.000,Custom
195,1.000,0.650,0.550,0.500,0.500,0.000,2025-03-31 22:12:20.842,856,0.000,Custom
196,1.000,0.000,0.000,0.000,0.000,0.000,2025-03-31 22:12:32.268,857,0.000,Custom
197,1.000,0.500,0.400,0.000,0.000,0.000,2025-03-31 22:13:10.444,858,0.000,Custom
198,1.000,0.000,0.000,0.000,0.000,0.000,2025-03-31 22:13:19.388,859,0.000,Custom
199,1.000,0.800,0.000,0.900,0.950,0.900,2025-03-31 22:14:09.976,861,0.000,Custom
200,1.000,0.000,0.000,0.000,0.000,0.000,2025-03-31 22:14:20.471,862,0.000,Custom
201,1.000,0.000,0.000,0.000,0.000,0.000,2025-03-31 22:14:28.967,863,0.000,Custom
202,1.000,0.000,0.000,0.000,0.000,0.000,2025-03-31 22:15:10.117,864,0.000,Custom
203,1.000,0.000,0.000,0.000,0.000,0.000,2025-03-31 22:15:20.044,865,0.000,Custom
204,1.000,0.800,0.700,0.900,0.950,0.900,2025-03-31 22:15:29.929,866,0.000,Custom
205,1.000,0.000,0.000,0.000,0.000,0.000,2025-03-31 22:16:18.934,868,0.000,Custom
206,1.000,0.000,0.000,0.000,0.000,0.000,2025-03-31 22:16:27.519,869,0.000,Custom
207,1.000,0.000,0.000,0.000,0.000,0.000,2025-03-31 22:17:10.949,870,0.000,Custom
208,1.000,0.900,0.800,0.950,0.950,0.000,2025-03-31 22:17:19.066,871,0.000,Custom
209,1.000,0.000,0.000,0.000,0.000,0.000,2025-03-31 22:17:30.088,872,0.000,Custom
210,1.000,0.000,0.000,0.000,0.000,0.000,2025-03-31 22:18:10.707,873,0.000,Custom
211,1.000,0.000,0.000,0.900,0.900,0.000,2025-03-31 22:18:20.661,874,0.000,Custom
212,1.000,0.000,0.000,0.000,0.000,0.000,2025-03-31 22:18:30.43,875,0.000,Custom
213,1.000,0.000,0.000,0.000,0.000,0.000,2025-03-31 22:19:10.167,876,0.000,Custom
214,1.000,0.000,0.000,0.000,0.000,0.000,2025-03-31 22:19:20.635,877,0.000,Custom
215,1.000,1.000,1.000,1.000,1.000,1.000,2025-03-31 22:19:31.3,878,0.000,Custom
216,1.000,1.000,1.000,1.000,1.000,1.000,2025-03-31 22:20:10.774,879,0.000,Custom
217,1.000,0.000,0.000,0.000,0.000,0.000,2025-03-31 22:20:21.176,880,0.000,Custom
218,1.000,0.000,0.000,0.000,0.000,0.000,2025-03-31 22:21:09.536,882,0.000,Custom
219,1.000,0.000,0.000,0.000,0.000,0.000,2025-03-31 22:21:18.798,883,0.000,Custom
220,1.000,0.000,0.000,0.900,0.950,0.000,2025-03-31 22:21:30.074,884,0.000,Custom
221,1.000,0.950,0.000,0.900,0.900,0.000,2025-03-31 22:22:10.41,885,0.000,Custom
222,1.000,0.000,0.000,0.000,0.000,0.000,2025-03-31 22:22:20.963,886,0.000,Custom
223,1.000,1.000,1.000,1.000,1.000,1.000,2025-03-31 22:22:31.431,887,0.000,Custom
224,1.000,0.000,0.000,0.900,0.900,0.000,2025-03-31 22:23:11.036,888,0.000,Custom
225,1.000,0.000,0.000,0.000,0.000,0.000,2025-03-31 22:23:22.525,889,0.000,Custom
226,1.000,0.000,0.000,0.000,0.000,0.000,2025-03-31 22:24:12.025,891,0.000,Custom
227,1.000,0.950,0.000,0.900,0.900,0.000,2025-03-31 22:24:21.376,892,0.000,Custom
228,1.000,0.000,0.000,0.000,0.000,0.000,2025-03-31 22:25:16.569,895,0.000,Custom
229,1.000,0.000,0.000,0.000,0.000,0.000,2025-03-31 22:25:25.923,896,0.000,Custom
230,1.000,0.000,0.000,0.000,0.000,0.000,2025-03-31 22:26:10.639,897,0.000,Custom
231,1.000,0.650,0.000,0.000,0.000,0.000,2025-03-31 22:26:19.937,898,0.000,Custom
232,1.000,0.850,0.000,0.900,0.950,0.900,2025-03-31 22:26:32.078,899,0.000,Custom
233,1.000,0.850,0.000,0.900,0.950,0.000,2025-03-31 22:27:12.951,900,0.000,Custom
234,1.000,0.850,0.000,0.900,0.950,0.900,2025-03-31 22:27:23.059,901,0.000,Custom
235,1.000,0.000,0.000,0.000,0.000,0.000,2025-03-31 22:27:32.829,902,0.000,Custom
236,1.000,0.000,0.000,0.000,0.000,0.000,2025-03-31 22:28:11.586,903,0.000,Custom
237,1.000,0.000,0.000,0.000,0.000,0.000,2025-03-31 22:28:27.412,905,0.000,Custom
238,0.000,0.000,0.000,0.000,0.000,0.000,2025-03-31 22:29:11.367,906,0.000,Custom
239,1.000,0.900,0.800,0.950,0.950,0.900,2025-03-31 22:29:22.189,907,0.000,Custom
240,1.000,0.850,0.750,0.900,0.950,0.900,2025-03-31 22:29:32.349,908,0.000,Custom
241,1.000,0.000,0.000,0.000,0.000,0.000,2025-03-31 22:30:11.727,909,0.000,Custom
242,1.000,0.000,0.000,0.000,0.000,0.000,2025-03-31 22:30:21.589,910,0.000,Custom
243,1.000,1.000,1.000,1.000,1.000,1.000,2025-03-31 22:30:31.879,911,0.000,Custom
244,1.000,1.000,1.000,1.000,1.000,1.000,2025-03-31 22:31:10.47,912,0.000,Custom
245,1.000,1.000,1.000,1.000,1.000,1.000,2025-03-31 22:31:18.779,913,0.000,Custom
246,1.000,0.000,0.000,0.000,0.000,0.000,2025-03-31 22:31:30.463,914,0.000,Custom
247,1.000,0.000,0.000,0.000,0.000,0.000,2025-03-31 22:32:12.623,915,0.000,Custom
248,1.000,0.000,0.000,0.000,0.000,0.000,2025-03-31 22:32:21.708,916,0.000,Custom
249,1.000,0.000,0.000,0.000,0.000,0.000,2025-03-31 22:32:32.466,917,0.000,Custom
250,1.000,0.000,0.000,0.000,0.000,0.000,2025-03-31 22:33:08.401,918,0.000,Custom
251,1.000,0.000,0.000,0.000,0.000,0.000,2025-03-31 22:33:17.551,919,0.000,Custom
252,1.000,0.000,0.000,0.000,0.000,0.000,2025-03-31 22:34:11.666,921,0.000,Custom
253,1.000,0.000,0.000,0.000,0.000,0.000,2025-03-31 22:34:23.669,922,0.000,Custom
254,1.000,0.000,0.000,0.000,0.000,0.000,2025-03-31 22:35:18.374,925,0.000,Custom
255,1.000,0.000,0.000,0.000,0.000,0.000,2025-03-31 22:35:28.851,926,0.000,Custom
256,1.000,0.900,0.000,0.950,0.950,0.950,2025-03-31 22:36:11.828,927,0.000,Custom
257,1.000,0.000,0.000,0.000,0.000,0.000,2025-03-31 22:36:22.505,928,0.000,Custom
258,0.000,0.000,0.000,0.000,0.000,0.000,2025-03-31 22:36:32.514,929,0.000,Custom
259,1.000,0.000,0.000,0.000,0.000,0.000,2025-03-31 22:37:12.781,930,0.000,Custom
260,0.000,0.000,0.000,0.000,0.000,0.000,2025-03-31 22:37:22.425,931,0.000,Custom
261,1.000,0.950,0.000,0.000,0.000,0.000,2025-03-31 22:37:32.253,932,0.000,Custom
262,1.000,0.000,0.000,0.000,0.000,0.000,2025-03-31 22:38:10.973,933,0.000,Custom
263,1.000,0.950,0.000,0.000,0.000,0.000,2025-03-31 22:38:21.643,934,0.000,Custom
264,1.000,0.900,0.000,0.000,0.000,0.000,2025-03-31 22:38:30.619,935,0.000,Custom
265,1.000,0.000,0.000,0.000,0.000,0.000,2025-03-31 22:39:12.814,936,0.000,Custom
266,1.000,0.850,0.750,0.900,0.950,0.900,2025-03-31 22:39:23.923,937,0.000,Custom
267,0.000,0.000,0.000,0.000,0.000,0.000,2025-03-31 22:39:35.033,938,0.000,Custom
268,1.000,0.850,0.750,0.900,0.950,0.000,2025-03-31 22:40:13.444,939,0.000,Custom
269,1.000,0.850,0.750,0.900,0.950,0.900,2025-03-31 22:40:23.054,940,0.000,Custom
270,1.000,0.900,0.850,0.950,0.950,0.000,2025-03-31 22:40:32.623,941,0.000,Custom
271,1.000,0.900,0.850,0.950,0.950,0.000,2025-03-31 22:41:11.78,942,0.000,Custom
272,1.000,0.850,0.000,0.900,0.950,0.000,2025-03-31 22:41:21.093,943,0.000,Custom
273,1.000,0.000,0.000,0.000,0.000,0.000,2025-03-31 22:41:33.283,944,0.000,Custom
274,1.000,0.000,0.000,0.000,0.000,0.000,2025-03-31 22:42:29.137,947,0.000,Custom
275,1.000,0.000,0.000,0.900,0.950,0.000,2025-03-31 22:43:11.784,948,0.000,Custom
276,1.000,0.000,0.000,0.000,0.000,0.000,2025-03-31 22:43:19.881,949,0.000,Custom
277,1.000,0.000,0.000,0.000,0.000,0.000,2025-03-31 22:43:31.011,950,0.000,Custom
278,1.000,0.000,0.000,0.000,0.000,0.000,2025-03-31 22:44:19.063,952,0.000,Custom
279,1.000,0.000,0.000,0.000,0.000,0.000,2025-03-31 22:44:28.679,953,0.000,Custom
280,1.000,0.000,0.000,0.000,0.000,0.000,2025-03-31 22:45:11.161,954,0.000,Custom
281,1.000,0.000,0.000,0.000,0.000,0.000,2025-03-31 22:45:22.459,955,0.000,Custom
282,1.000,0.950,0.000,0.900,0.900,0.000,2025-03-31 22:45:32.804,956,0.000,Custom
283,1.000,0.000,0.000,0.000,0.000,0.000,2025-03-31 22:46:10.348,957,0.000,Custom
284,1.000,0.000,0.000,0.000,0.000,0.000,2025-03-31 22:46:20.405,958,0.000,Custom
285,1.000,0.000,0.000,0.000,0.000,0.000,2025-03-31 22:46:30.586,959,0.000,Custom
286,1.000,0.000,0.000,0.000,0.000,0.000,2025-03-31 22:47:11.57,960,0.000,Custom
287,1.000,0.000,0.000,0.000,0.000,0.000,2025-03-31 22:47:19.713,961,0.000,Custom
288,1.000,0.000,0.000,0.000,0.000,0.000,2025-03-31 22:47:29.762,962,0.000,Custom
289,0.000,0.000,0.000,0.000,0.000,0.000,2025-03-31 22:48:08.867,963,0.000,Custom
290,1.000,0.000,0.000,0.000,0.000,0.000,2025-03-31 22:48:20.2,964,0.000,Custom
291,1.000,0.000,0.000,0.000,0.000,0.000,2025-03-31 22:48:31.354,965,0.000,Custom
292,1.000,0.000,0.000,0.000,0.000,0.000,2025-03-31 22:49:12.888,966,0.000,Custom
293,1.000,0.000,0.000,0.000,0.000,0.000,2025-03-31 22:49:23.535,967,0.000,Custom
294,1.000,0.000,0.000,0.000,0.000,0.000,2025-03-31 22:49:32.057,968,0.000,Custom
295,1.000,0.000,0.000,0.000,0.000,0.000,2025-03-31 22:50:11.152,969,0.000,Custom
296,1.000,0.000,0.000,0.000,0.000,0.000,2025-03-31 22:50:21.771,970,0.000,Custom
297,1.000,0.000,0.000,0.000,0.000,0.000,2025-03-31 22:50:32.095,971,0.000,Custom
298,1.000,0.000,0.000,0.000,0.000,0.000,2025-03-31 22:51:11.336,972,0.000,Custom
299,1.000,0.000,0.000,0.900,0.900,0.000,2025-03-31 22:51:29.949,974,0.000,Custom
300,1.000,0.000,0.000,0.000,0.000,0.000,2025-03-31 22:52:12.162,975,0.000,Custom
301,1.000,0.000,0.000,0.000,0.000,0.000,2025-03-31 22:52:21.223,976,0.000,Custom
302,1.000,0.000,0.000,0.000,0.000,0.000,2025-03-31 22:52:30.191,977,0.000,Custom
303,1.000,0.000,0.000,0.000,0.000,0.000,2025-03-31 22:53:09.803,978,0.000,Custom
304,1.000,0.000,0.000,0.000,0.000,0.000,2025-03-31 22:53:19.961,979,0.000,Custom
305,1.000,0.850,0.750,0.700,0.700,0.000,2025-03-31 22:53:29.526,980,0.000,Custom
306,1.000,0.950,0.850,0.800,0.900,0.850,2025-03-31 22:54:09.822,981,0.000,Custom
307,1.000,0.950,0.850,0.900,0.920,0.880,2025-03-31 22:54:21.487,982,0.000,Custom
308,1.000,0.000,0.000,0.000,0.000,0.000,2025-03-31 22:54:31.256,983,0.000,Custom
309,1.000,1.000,1.000,1.000,1.000,1.000,2025-03-31 22:55:12.449,984,0.000,Custom
310,1.000,0.000,0.000,0.000,0.000,0.000,2025-03-31 22:55:21.411,985,0.000,Custom
311,1.000,0.000,0.000,0.000,0.000,0.000,2025-03-31 22:55:30.868,986,0.000,Custom
312,1.000,0.000,0.000,0.000,0.000,0.000,2025-03-31 22:56:10.713,987,0.000,Custom
313,1.000,0.850,0.000,0.000,0.000,0.000,2025-03-31 22:56:19.611,988,0.000,Custom
314,1.000,0.850,0.000,0.900,0.950,0.900,2025-03-31 22:56:32.56,989,0.000,Custom
315,1.000,0.850,0.000,0.900,0.950,0.900,2025-03-31 22:57:09.166,990,0.000,Custom
316,1.000,0.000,0.000,0.000,0.000,0.000,2025-03-31 22:57:19.913,991,0.000,Custom
317,1.000,0.000,0.000,0.000,0.000,0.000,2025-04-01 09:51:39.749,992,0.000,Custom
318,1.000,0.950,0.000,0.000,0.000,0.000,2025-04-01 09:52:13.2,993,0.000,Custom
319,1.000,0.000,0.000,0.000,0.000,0.000,2025-04-01 09:52:24.909,994,0.000,Custom
320,1.000,0.950,0.000,0.000,0.000,0.000,2025-04-01 09:52:39.115,995,0.000,Custom
321,1.000,0.000,0.000,0.000,0.000,1.000,2025-04-01 09:42:15.878,1005,0.000,Custom
322,1.000,0.000,0.000,0.000,0.000,0.000,2025-04-01 09:42:27.494,1006,0.000,Custom
323,1.000,0.000,0.000,0.000,0.000,0.000,2025-04-01 09:42:40.326,1007,0.000,Custom
324,1.000,0.000,0.000,0.000,0.000,0.000,2025-04-01 09:43:13.839,1008,0.000,Custom
325,1.000,0.000,0.000,0.000,0.000,0.000,2025-04-01 09:43:25.975,1009,0.000,Custom
326,1.000,0.000,0.000,0.000,0.000,0.000,2025-04-01 09:43:35.243,1010,0.000,Custom
327,1.000,0.000,0.000,0.000,0.000,0.000,2025-04-01 09:44:10.389,1011,0.000,Custom
328,1.000,0.000,0.000,0.000,0.000,0.000,2025-04-01 09:44:21.161,1012,0.000,Custom
329,1.000,0.000,0.000,0.000,0.000,0.000,2025-04-01 09:44:32.313,1013,0.000,Custom
330,1.000,0.000,0.000,0.000,0.000,0.000,2025-04-01 09:45:12.253,1014,0.000,Custom
331,1.000,0.000,0.000,0.000,0.000,0.000,2025-04-01 09:45:24.466,1015,0.000,Custom
332,1.000,0.000,0.000,0.000,0.000,0.000,2025-04-01 09:45:35.693,1016,0.000,Custom
333,1.000,0.000,0.000,0.000,0.000,0.000,2025-04-01 09:46:13.263,1017,0.000,Custom
334,1.000,0.900,0.800,0.950,0.950,0.000,2025-04-01 09:46:23.731,1018,0.000,Custom
335,1.000,0.900,0.800,0.900,0.950,0.000,2025-04-01 09:46:33.973,1019,0.000,Custom
336,1.000,0.000,0.000,0.000,0.000,0.000,2025-04-01 09:47:12.945,1020,0.000,Custom
337,1.000,0.900,0.000,0.950,0.950,0.000,2025-04-01 09:47:23.652,1021,0.000,Custom
338,1.000,0.000,0.000,0.000,0.000,0.000,2025-04-01 09:47:35.505,1022,0.000,Custom
339,1.000,0.000,0.000,0.000,0.000,0.000,2025-04-01 09:48:16.121,1023,0.000,Custom
340,1.000,0.000,0.000,0.000,0.000,0.000,2025-04-01 09:48:39.467,1025,0.000,Custom
341,1.000,0.000,0.000,0.000,0.000,0.000,2025-04-01 09:49:14.105,1026,0.000,Custom
342,1.000,0.000,0.000,0.000,0.000,0.000,2025-04-01 09:49:27.643,1027,0.000,Custom
343,1.000,0.000,0.000,0.000,0.000,0.000,2025-04-01 09:50:17.168,1029,0.000,Custom
344,1.000,0.000,0.000,0.000,0.000,0.000,2025-04-01 09:50:31.06,1030,0.000,Custom
345,1.000,0.000,0.000,0.000,0.000,0.000,2025-04-01 09:51:12.962,1032,0.000,Custom
346,1.000,0.000,0.000,0.000,0.000,0.000,2025-04-01 09:51:25.82,1033,0.000,Custom
351,1.000,0.000,0.000,0.000,0.000,0.000,2025-04-01 09:53:12.295,996,0.000,Custom
352,1.000,0.000,0.000,0.000,0.000,0.000,2025-04-01 09:53:23.121,997,0.000,Custom
353,1.000,0.000,0.000,0.000,0.000,0.000,2025-04-01 09:53:36.417,998,0.000,Custom
354,1.000,0.000,0.000,0.000,0.000,0.000,2025-04-01 09:54:12.836,999,0.000,Custom
355,1.000,0.000,0.000,0.000,0.000,0.000,2025-04-01 09:54:24.197,1000,0.000,Custom
356,1.000,0.000,0.000,0.000,0.000,0.000,2025-04-01 09:54:40.235,1001,0.000,Custom
357,1.000,0.000,0.000,0.000,0.000,1.000,2025-04-01 09:55:11.074,1002,0.000,Custom
358,1.000,0.000,0.000,0.000,0.000,0.000,2025-04-01 09:55:24.19,1003,0.000,Custom
359,1.000,0.000,0.000,0.000,0.000,0.000,2025-04-01 09:55:34.201,1034,0.000,Custom
360,1.000,0.000,0.000,0.000,0.000,0.000,2025-04-01 09:56:22.696,1036,0.000,Custom
361,1.000,0.000,0.000,0.000,0.000,0.000,2025-04-01 09:56:34.743,1037,0.000,Custom
362,0.000,0.000,0.000,0.000,0.000,0.000,2025-04-01 09:57:11.418,1038,0.000,Custom
363,1.000,0.000,0.000,0.000,0.000,0.000,2025-04-01 09:57:22.487,1039,0.000,Custom
364,1.000,0.000,0.000,0.000,0.000,0.000,2025-04-01 09:57:31.996,1040,0.000,Custom
365,0.000,0.000,0.000,0.000,0.000,0.000,2025-04-01 09:58:08.981,1041,0.000,Custom
366,0.000,0.000,0.000,0.000,0.000,0.000,2025-04-01 09:58:21.029,1042,0.000,Custom
367,1.000,0.000,0.000,0.000,0.000,0.000,2025-04-01 09:58:33.303,1043,0.000,Custom
368,1.000,1.000,1.000,1.000,1.000,1.000,2025-04-01 09:59:13.011,1044,0.000,Custom
369,1.000,0.000,0.000,0.000,0.000,0.000,2025-04-01 09:59:25.381,1045,0.000,Custom
370,1.000,0.000,0.000,0.000,0.000,0.000,2025-04-01 09:59:35.571,1046,0.000,Custom
371,1.000,0.000,0.000,0.000,0.000,0.000,2025-04-01 10:00:15.176,1047,0.000,Custom
372,0.000,0.000,0.000,0.000,0.000,0.000,2025-04-01 10:00:25.677,1048,0.000,Custom
373,1.000,0.000,0.000,0.000,0.000,0.000,2025-04-01 10:00:35.971,1049,0.000,Custom
374,1.000,1.000,1.000,1.000,1.000,1.000,2025-04-01 10:01:13.222,1050,0.000,Custom
375,1.000,1.000,1.000,1.000,1.000,1.000,2025-04-01 10:01:24.14,1051,0.000,Custom
376,1.000,0.000,0.000,0.000,0.000,0.000,2025-04-01 10:01:36.922,1052,0.000,Custom
377,1.000,0.000,0.000,0.900,0.900,0.000,2025-04-01 10:02:13.026,1053,0.000,Custom
378,1.000,0.000,0.000,0.000,0.000,0.000,2025-04-01 10:02:24.802,1054,0.000,Custom
379,1.000,0.000,0.000,0.000,0.000,0.000,2025-04-01 10:02:36.872,1055,0.000,Custom
380,1.000,0.000,0.000,0.000,0.000,0.000,2025-04-01 10:03:12.943,1056,0.000,Custom
381,1.000,0.000,0.000,0.000,0.000,0.000,2025-04-01 10:03:22.994,1057,0.000,Custom
382,1.000,0.000,0.000,0.000,0.000,0.000,2025-04-01 10:03:34.097,1058,0.000,Custom
383,1.000,0.000,0.000,0.000,0.000,0.000,2025-04-01 10:04:12.034,1059,0.000,Custom
384,1.000,0.000,0.000,0.000,0.000,0.000,2025-04-01 10:04:24.071,1060,0.000,Custom
385,1.000,0.000,0.000,0.000,0.000,0.000,2025-04-01 10:04:36.465,1061,0.000,Custom
386,1.000,0.000,0.000,0.000,0.000,0.000,2025-04-01 10:05:16.291,1062,0.000,Custom
387,1.000,0.000,0.000,0.000,0.000,0.000,2025-04-01 10:05:26.582,1063,0.000,Custom
388,1.000,0.000,0.000,0.000,0.000,0.000,2025-04-01 10:05:38.198,1064,0.000,Custom
389,1.000,0.000,0.000,0.000,0.000,0.000,2025-04-01 10:06:11.797,1065,0.000,Custom
390,1.000,0.000,0.000,0.000,0.000,0.000,2025-04-01 10:06:24.841,1066,0.000,Custom
391,1.000,0.000,0.000,0.000,0.000,0.000,2025-04-01 10:06:37.563,1067,0.000,Custom
392,0.000,0.000,0.000,0.000,0.000,0.000,2025-04-01 10:07:14.694,1068,0.000,Custom
393,1.000,0.000,0.000,0.000,0.000,0.000,2025-04-01 10:07:25.44,1069,0.000,Custom
394,1.000,0.000,0.000,0.000,0.000,0.000,2025-04-01 10:07:35.181,1070,0.000,Custom
395,1.000,0.000,0.000,0.000,0.000,0.000,2025-04-01 10:08:12.843,1071,0.000,Custom
396,1.000,0.000,0.000,0.000,0.000,0.000,2025-04-01 10:08:24.855,1072,0.000,Custom
397,1.000,0.000,0.000,0.000,0.000,0.000,2025-04-01 10:08:36.098,1073,0.000,Custom
398,1.000,0.000,0.000,0.000,0.000,0.000,2025-04-01 10:09:12.715,1074,0.000,Custom
399,1.000,0.000,0.000,0.000,0.000,0.000,2025-04-01 10:09:25.143,1075,0.000,Custom
400,1.000,0.000,0.000,0.000,0.000,0.000,2025-04-01 10:09:36.981,1076,0.000,Custom
401,1.000,0.000,0.000,0.000,0.000,0.000,2025-04-01 10:10:12.811,1077,0.000,Custom
402,1.000,0.000,0.000,0.000,0.000,0.000,2025-04-01 10:10:24.879,1078,0.000,Custom
403,1.000,0.000,0.000,0.000,0.000,0.000,2025-04-01 10:10:37.077,1079,0.000,Custom
404,1.000,0.000,0.000,0.000,0.000,0.000,2025-04-01 10:11:12.272,1080,0.000,Custom
405,1.000,0.750,0.000,0.000,0.000,0.000,2025-04-01 10:11:23.375,1081,0.000,Custom
406,1.000,0.900,0.000,0.000,0.000,0.000,2025-04-01 10:11:34.315,1082,0.000,Custom
407,1.000,0.000,0.000,0.000,0.000,0.000,2025-04-01 10:12:11.305,1083,0.000,Custom
408,1.000,0.000,0.000,0.000,0.000,0.000,2025-04-01 10:12:23.063,1084,0.000,Custom
409,1.000,0.000,0.000,0.000,0.000,0.000,2025-04-01 10:13:13.125,1086,0.000,Custom
410,1.000,0.000,0.000,0.000,0.000,0.000,2025-04-01 10:13:24.042,1087,0.000,Custom
411,1.000,0.000,0.000,0.000,0.000,0.000,2025-04-01 10:13:33.782,1088,0.000,Custom
412,1.000,0.000,0.000,0.000,0.000,0.000,2025-04-01 10:14:10.59,1089,0.000,Custom
413,1.000,0.000,0.000,0.000,0.000,0.000,2025-04-01 10:14:20.875,1090,0.000,Custom
414,1.000,0.000,0.000,0.000,0.000,0.000,2025-04-01 10:14:31.957,1091,0.000,Custom
415,1.000,0.000,0.000,0.000,0.000,0.000,2025-04-01 10:15:14.675,1092,0.000,Custom
416,1.000,0.000,0.000,0.000,0.000,0.000,2025-04-01 10:15:25.534,1093,0.000,Custom
417,1.000,0.000,0.000,0.000,0.000,0.000,2025-04-01 10:15:37.727,1094,0.000,Custom
418,1.000,0.000,0.000,0.000,0.000,0.000,2025-04-01 10:16:13.097,1095,0.000,Custom
419,1.000,0.000,0.000,0.000,0.000,0.000,2025-04-01 10:16:27.278,1096,0.000,Custom
420,1.000,0.000,0.000,0.000,0.000,0.000,2025-04-01 10:16:41.361,1097,0.000,Custom
421,1.000,0.000,0.000,0.000,0.000,0.000,2025-04-01 10:17:10.647,1098,0.000,Custom
422,0.000,0.000,0.000,0.000,0.000,0.000,2025-04-01 10:17:23.407,1099,0.000,Custom
423,1.000,0.700,0.000,0.600,0.650,0.600,2025-04-01 10:17:36.185,1100,0.000,Custom
424,1.000,0.850,0.000,0.800,0.800,0.750,2025-04-01 10:18:12.537,1101,0.000,Custom
425,1.000,0.000,0.000,0.000,0.000,0.000,2025-04-01 10:18:24.027,1102,0.000,Custom
426,1.000,0.000,0.000,0.000,0.000,0.000,2025-04-01 10:18:34.302,1103,0.000,Custom
427,0.000,0.000,0.000,0.000,0.000,0.000,2025-04-01 10:19:17.186,1104,0.000,Custom
428,1.000,0.000,0.000,0.000,0.000,0.000,2025-04-01 10:19:32.116,1105,0.000,Custom
429,1.000,0.000,0.000,0.000,0.000,0.000,2025-04-01 10:19:44.071,1106,0.000,Custom
430,1.000,0.000,0.000,0.000,0.000,0.000,2025-04-01 10:20:15.119,1107,0.000,Custom
431,1.000,0.950,0.000,0.000,0.000,0.000,2025-04-01 10:20:27.857,1108,0.000,Custom
432,1.000,0.000,0.000,0.000,0.000,0.000,2025-04-01 10:20:39.434,1109,0.000,Custom
433,1.000,0.000,0.000,0.000,0.000,0.000,2025-04-01 10:21:10.776,1110,0.000,Custom
434,1.000,0.000,0.000,0.000,0.000,0.000,2025-04-01 10:21:22.427,1111,0.000,Custom
435,1.000,1.000,1.000,1.000,1.000,1.000,2025-04-01 10:21:34.543,1112,0.000,Custom
436,1.000,1.000,1.000,1.000,1.000,1.000,2025-04-01 10:22:13.785,1113,0.000,Custom
437,1.000,0.000,0.000,0.000,0.000,0.000,2025-04-01 10:22:26.747,1114,0.000,Custom
438,1.000,1.000,1.000,1.000,1.000,1.000,2025-04-01 10:22:39.277,1115,0.000,Custom
439,1.000,0.000,0.000,0.000,0.000,0.000,2025-04-01 10:23:12.817,1116,0.000,Custom
440,1.000,1.000,1.000,1.000,1.000,1.000,2025-04-01 10:23:26.665,1117,0.000,Custom
441,1.000,0.000,0.000,1.000,0.000,0.000,2025-04-01 10:23:38.706,1118,0.000,Custom
442,1.000,0.000,0.000,0.000,0.000,0.000,2025-04-01 10:24:14.2,1119,0.000,Custom
443,1.000,0.000,0.000,0.000,0.000,0.000,2025-04-01 10:24:24.635,1120,0.000,Custom
444,1.000,0.000,0.000,0.000,0.000,0.000,2025-04-01 10:24:37.786,1121,0.000,Custom
445,1.000,0.000,0.000,0.000,0.000,0.000,2025-04-01 10:25:12.563,1122,0.000,Custom
446,1.000,0.000,0.000,0.000,0.000,1.000,2025-04-01 10:25:23.073,1123,0.000,Custom
447,1.000,0.800,0.000,0.700,0.700,0.600,2025-04-01 10:25:35.647,1124,0.000,Custom
448,1.000,0.000,0.000,0.000,0.000,0.000,2025-04-01 10:26:23.262,1126,0.000,Custom
449,1.000,0.000,0.000,0.000,0.000,0.000,2025-04-01 10:27:16.73,1129,0.000,Custom
450,1.000,0.000,0.000,0.000,0.000,0.000,2025-04-01 10:28:13.484,1131,0.000,Custom
451,1.000,0.950,0.000,0.000,0.000,0.000,2025-04-01 10:28:21.887,1132,0.000,Custom
452,1.000,0.000,0.000,0.000,0.000,0.000,2025-04-01 10:28:32.891,1133,0.000,Custom
453,1.000,0.000,0.000,0.000,0.000,0.000,2025-04-01 10:29:12.518,1134,0.000,Custom
454,1.000,0.000,0.000,0.000,0.000,0.000,2025-04-01 10:29:25.412,1135,0.000,Custom
455,1.000,0.700,0.600,0.850,0.900,0.000,2025-04-01 10:29:38.155,1136,0.000,Custom
456,1.000,0.000,0.000,0.000,0.000,0.000,2025-04-01 10:30:10.814,1137,0.000,Custom
457,1.000,0.000,0.000,0.000,0.000,0.000,2025-04-01 10:30:21.018,1138,0.000,Custom
458,1.000,0.000,0.000,0.000,0.000,0.000,2025-04-01 10:30:34.312,1139,0.000,Custom
459,1.000,0.000,0.000,0.000,0.000,0.000,2025-04-01 10:31:14.828,1140,0.000,Custom
460,1.000,0.000,0.000,0.000,0.000,0.000,2025-04-01 10:31:26.034,1141,0.000,Custom
461,1.000,0.000,0.000,0.000,0.000,0.000,2025-04-01 10:31:40.619,1142,0.000,Custom
462,1.000,0.000,0.000,1.000,1.000,0.000,2025-04-01 10:32:14.946,1143,0.000,Custom
463,1.000,0.000,0.000,0.000,0.000,0.000,2025-04-01 10:32:43.87,1145,0.000,Custom
464,1.000,0.000,0.000,0.900,0.950,0.000,2025-04-01 10:33:13.148,1146,0.000,Custom
465,1.000,0.000,0.000,0.900,0.950,0.000,2025-04-01 10:33:24.887,1147,0.000,Custom
466,1.000,0.000,0.000,0.000,0.000,0.000,2025-04-01 10:33:36.885,1148,0.000,Custom
467,1.000,0.950,0.900,0.850,0.900,0.000,2025-04-01 10:34:13.631,1149,0.000,Custom
468,1.000,0.000,0.000,0.900,0.950,0.000,2025-04-01 10:34:25.894,1150,0.000,Custom
469,1.000,0.000,0.000,0.900,0.950,0.000,2025-04-01 10:34:36.227,1151,0.000,Custom
470,1.000,0.000,0.000,0.900,0.950,0.000,2025-04-01 10:35:11.421,1152,0.000,Custom
471,1.000,0.000,0.000,0.900,0.950,0.000,2025-04-01 10:35:21.895,1153,0.000,Custom
472,1.000,0.000,0.000,1.000,1.000,0.000,2025-04-01 10:35:33.743,1154,0.000,Custom
473,1.000,0.950,0.000,0.900,0.900,0.000,2025-04-01 10:36:13.72,1155,0.000,Custom
474,1.000,0.000,0.000,0.900,0.950,0.000,2025-04-01 10:36:24.867,1156,0.000,Custom
475,1.000,0.950,0.000,0.900,0.900,0.000,2025-04-01 10:36:36.773,1157,0.000,Custom
476,1.000,0.950,0.000,0.900,0.900,0.000,2025-04-01 10:37:11.92,1158,0.000,Custom
477,1.000,0.000,0.000,0.900,0.950,0.000,2025-04-01 10:37:24.383,1159,0.000,Custom
478,1.000,0.000,0.000,0.900,0.950,0.000,2025-04-01 10:37:35.806,1160,0.000,Custom
479,1.000,0.000,0.000,0.000,0.000,0.000,2025-04-01 10:38:12.304,1161,0.000,Custom
480,1.000,0.000,0.000,0.000,0.000,0.000,2025-04-01 10:38:24.297,1162,0.000,Custom
481,1.000,0.000,0.000,0.000,0.000,0.000,2025-04-01 10:38:33.964,1163,0.000,Custom
482,1.000,0.000,0.000,0.000,0.000,0.000,2025-04-01 10:39:11.745,1164,0.000,Custom
483,1.000,0.000,0.000,0.000,0.000,0.000,2025-04-01 10:39:21.838,1165,0.000,Custom
484,1.000,0.000,0.000,0.000,0.000,0.000,2025-04-01 10:39:33.863,1166,0.000,Custom
485,1.000,0.000,0.000,0.000,0.000,0.000,2025-04-01 10:40:14.585,1167,0.000,Custom
486,1.000,0.000,0.000,0.000,0.000,0.000,2025-04-01 10:40:26.052,1168,0.000,Custom
487,1.000,0.000,0.000,0.000,0.000,0.000,2025-04-01 10:40:36.459,1169,0.000,Custom
488,1.000,1.000,1.000,1.000,1.000,1.000,2025-04-01 10:41:12.164,1170,0.000,Custom
489,1.000,1.000,1.000,1.000,1.000,1.000,2025-04-01 10:41:22.733,1171,0.000,Custom
490,1.000,1.000,1.000,1.000,1.000,1.000,2025-04-01 10:41:32.551,1172,0.000,Custom
491,1.000,0.000,0.000,0.000,0.000,0.000,2025-04-01 10:42:11.496,1173,0.000,Custom
492,1.000,0.000,0.000,0.000,0.000,0.000,2025-04-01 10:42:21.706,1174,0.000,Custom
493,1.000,0.000,0.000,0.000,0.000,0.000,2025-04-01 10:42:32.982,1175,0.000,Custom
494,1.000,0.850,0.000,0.750,0.800,0.000,2025-04-01 10:43:12.575,1176,0.000,Custom
495,1.000,0.850,0.000,0.750,0.800,0.000,2025-04-01 10:43:26.198,1177,0.000,Custom
496,1.000,0.900,0.000,0.850,0.900,0.000,2025-04-01 10:43:37.701,1178,0.000,Custom
497,1.000,0.850,0.000,0.750,0.800,0.000,2025-04-01 10:44:11.302,1179,0.000,Custom
498,0.000,0.000,0.000,0.000,0.000,0.000,2025-04-01 10:44:21.501,1180,0.000,Custom
499,1.000,0.000,0.000,0.000,0.000,0.000,2025-04-01 10:44:33.682,1181,0.000,Custom
500,1.000,0.000,0.000,0.000,0.000,0.000,2025-04-01 10:45:13.224,1182,0.000,Custom
501,1.000,0.000,0.000,0.000,0.000,0.000,2025-04-01 10:45:22.441,1183,0.000,Custom
502,1.000,0.900,0.800,0.950,0.950,0.000,2025-04-01 10:45:34.513,1184,0.000,Custom
503,1.000,0.000,0.000,0.000,0.000,0.000,2025-04-01 10:46:12.201,1185,0.000,Custom
504,0.000,0.000,0.000,0.000,0.000,0.000,2025-04-01 10:46:24.16,1186,0.000,Custom
505,1.000,0.000,0.000,0.900,0.900,0.000,2025-04-01 10:46:35.967,1187,0.000,Custom
506,1.000,0.000,0.000,0.000,0.000,0.000,2025-04-01 10:47:09.871,1188,0.000,Custom
507,1.000,0.000,0.000,0.000,0.000,0.000,2025-04-01 10:47:21.839,1189,0.000,Custom
508,1.000,0.000,0.000,0.000,0.000,0.000,2025-04-01 10:47:32.52,1190,0.000,Custom
509,1.000,0.000,0.000,0.000,0.000,0.000,2025-04-01 10:48:10.429,1191,0.000,Custom
510,1.000,0.000,0.000,0.000,0.000,0.000,2025-04-01 10:48:22.971,1192,0.000,Custom
511,1.000,0.000,0.000,0.000,0.000,0.000,2025-04-01 10:48:35.115,1193,0.000,Custom
512,1.000,0.850,0.750,0.900,0.950,0.000,2025-04-01 10:49:10.825,1194,0.000,Custom
513,1.000,0.000,0.000,0.000,0.000,0.000,2025-04-01 10:49:21.884,1195,0.000,Custom
514,1.000,0.950,0.000,0.000,0.000,0.000,2025-04-01 10:49:33.521,1196,0.000,Custom
515,1.000,0.850,0.750,0.900,0.950,0.000,2025-04-01 10:50:13.736,1197,0.000,Custom
516,1.000,0.000,0.000,0.000,0.000,0.000,2025-04-01 10:50:25.466,1198,0.000,Custom
517,1.000,0.000,0.000,0.000,0.000,0.000,2025-04-01 10:50:36.059,1199,0.000,Custom
518,1.000,0.000,0.000,0.000,0.000,0.000,2025-04-01 10:51:10.376,1200,0.000,Custom
519,1.000,0.000,0.000,0.000,0.000,0.000,2025-04-01 10:51:21.984,1201,0.000,Custom
520,1.000,0.000,0.000,0.000,0.000,0.000,2025-04-01 10:52:09.833,1203,0.000,Custom
521,1.000,0.000,0.000,0.000,0.000,0.000,2025-04-01 10:52:21.829,1204,0.000,Custom
522,1.000,0.900,0.800,0.950,0.950,0.000,2025-04-01 10:52:33.432,1205,0.000,Custom
523,1.000,0.900,0.800,0.950,0.950,0.000,2025-04-01 10:53:12.104,1206,0.000,Custom
524,1.000,0.900,0.800,0.950,0.950,0.000,2025-04-01 10:53:21.589,1207,0.000,Custom
525,1.000,0.900,0.800,0.950,0.950,0.000,2025-04-01 10:53:33.183,1208,0.000,Custom
526,1.000,0.000,0.000,0.000,0.000,0.000,2025-04-01 10:54:12.726,1209,0.000,Custom
527,1.000,0.900,0.850,0.950,0.950,0.000,2025-04-01 10:54:24.005,1210,0.000,Custom
528,1.000,0.650,0.550,0.500,0.500,0.000,2025-04-01 10:54:33.73,1211,0.000,Custom
529,1.000,0.900,0.000,0.000,0.000,0.000,2025-04-01 10:55:11.607,1212,0.000,Custom
530,1.000,0.800,0.000,0.900,0.950,0.900,2025-04-01 10:55:20.315,1213,0.000,Custom
531,1.000,0.000,0.000,0.000,0.000,0.000,2025-04-01 10:55:30.382,1214,0.000,Custom
532,1.000,0.000,0.000,0.000,0.000,0.000,2025-04-01 10:56:14.79,1215,0.000,Custom
533,1.000,0.000,0.000,0.000,0.000,0.000,2025-04-01 10:56:25.598,1216,0.000,Custom
534,1.000,0.750,0.650,0.800,0.850,0.900,2025-04-01 10:56:34.488,1217,0.000,Custom
535,1.000,0.900,0.000,0.000,0.000,0.000,2025-04-01 10:57:11.02,1218,0.000,Custom
536,1.000,0.000,0.000,0.000,0.000,0.000,2025-04-01 10:57:22.985,1219,0.000,Custom
537,1.000,0.000,0.000,0.000,0.000,0.000,2025-04-01 10:57:33.802,1220,0.000,Custom
538,1.000,0.000,0.000,0.000,0.000,0.000,2025-04-01 10:58:11.381,1221,0.000,Custom
539,1.000,0.000,0.000,0.000,0.000,0.000,2025-04-01 10:58:21.567,1222,0.000,Custom
540,1.000,0.000,0.000,0.000,0.000,0.000,2025-04-01 10:58:30.349,1223,0.000,Custom
541,1.000,0.000,0.000,0.000,0.000,0.000,2025-04-01 10:59:10.854,1224,0.000,Custom
542,1.000,0.000,0.000,0.000,0.000,0.000,2025-04-01 10:59:20.67,1225,0.000,Custom
543,1.000,0.000,0.000,0.000,0.000,0.000,2025-04-01 10:59:31.632,1226,0.000,Custom
544,1.000,0.000,0.000,0.000,0.000,0.000,2025-04-01 11:00:13.056,1227,0.000,Custom
545,1.000,0.000,0.000,0.000,0.000,0.000,2025-04-01 11:00:24.187,1228,0.000,Custom
546,1.000,0.000,0.000,0.000,0.000,0.000,2025-04-01 11:00:35.912,1229,0.000,Custom
547,1.000,0.000,0.000,0.000,0.000,0.000,2025-04-01 11:01:10.744,1230,0.000,Custom
548,1.000,0.000,0.000,0.000,0.000,0.000,2025-04-01 11:01:23.404,1231,0.000,Custom
549,1.000,1.000,1.000,1.000,1.000,1.000,2025-04-01 11:01:33.59,1232,0.000,Custom
550,1.000,1.000,1.000,1.000,1.000,1.000,2025-04-01 11:02:13.619,1233,0.000,Custom
551,1.000,1.000,1.000,1.000,1.000,1.000,2025-04-01 11:02:26.24,1234,0.000,Custom
552,1.000,1.000,1.000,1.000,1.000,1.000,2025-04-01 11:02:36.262,1235,0.000,Custom
553,1.000,0.000,0.000,0.000,0.000,0.000,2025-04-01 11:03:12.552,1236,0.000,Custom
554,1.000,0.000,0.000,0.000,0.000,0.000,2025-04-01 11:03:23.072,1237,0.000,Custom
555,1.000,0.000,0.000,0.000,0.000,0.000,2025-04-01 11:03:33.401,1238,0.000,Custom
556,1.000,0.000,0.000,0.000,0.000,0.000,2025-04-01 11:04:10.769,1239,0.000,Custom
557,1.000,0.000,0.000,0.000,0.000,0.000,2025-04-01 11:04:32.916,1241,0.000,Custom
558,1.000,0.000,0.000,0.000,0.000,0.000,2025-04-01 11:05:11.661,1242,0.000,Custom
559,1.000,0.000,0.000,0.000,0.000,0.000,2025-04-01 11:05:21.636,1243,0.000,Custom
560,0.000,0.000,0.000,0.000,0.000,0.000,2025-04-01 11:05:34.056,1244,0.000,Custom
561,1.000,0.000,0.000,0.000,0.000,0.000,2025-04-01 11:06:12.792,1245,0.000,Custom
562,1.000,0.000,0.000,0.000,0.000,0.000,2025-04-01 11:06:23.061,1246,0.000,Custom
563,1.000,0.000,0.000,0.000,0.000,0.000,2025-04-01 11:06:33.295,1247,0.000,Custom
564,1.000,1.000,1.000,1.000,1.000,1.000,2025-04-01 11:07:10.376,1248,0.000,Custom
565,1.000,0.000,0.000,0.000,0.000,0.000,2025-04-01 11:07:19.716,1249,0.000,Custom
566,1.000,0.850,0.000,0.900,0.950,0.000,2025-04-01 11:07:32.305,1250,0.000,Custom
567,1.000,0.000,0.000,0.000,0.000,0.000,2025-04-01 11:08:11.74,1251,0.000,Custom
568,1.000,0.000,0.000,0.000,0.000,0.000,2025-04-01 11:08:22.369,1252,0.000,Custom
569,1.000,0.900,0.000,0.950,0.950,0.000,2025-04-01 11:08:34.068,1253,0.000,Custom
570,1.000,0.000,0.000,0.000,0.000,0.000,2025-04-01 11:09:13.871,1254,0.000,Custom
571,1.000,0.000,0.000,0.000,0.000,0.000,2025-04-01 11:09:24.679,1255,0.000,Custom
572,1.000,0.000,0.000,0.000,0.000,0.000,2025-04-01 11:09:34.575,1256,0.000,Custom
573,0.000,0.000,0.000,0.000,0.000,0.000,2025-04-01 11:10:12.12,1257,0.000,Custom
574,0.000,0.000,0.000,0.000,0.000,0.000,2025-04-01 11:10:23.3,1258,0.000,Custom
575,1.000,0.900,0.850,0.950,0.950,0.900,2025-04-01 11:10:35.021,1259,0.000,Custom
576,1.000,0.900,0.850,0.950,0.950,0.900,2025-04-01 11:11:11.003,1260,0.000,Custom
577,1.000,0.900,0.850,0.950,0.950,0.900,2025-04-01 11:11:20.445,1261,0.000,Custom
578,1.000,0.900,0.800,0.950,0.950,0.000,2025-04-01 11:11:32.768,1262,0.000,Custom
579,1.000,0.950,0.900,0.900,0.950,0.000,2025-04-01 11:12:14.464,1263,0.000,Custom
580,1.000,0.900,0.850,0.950,0.950,0.900,2025-04-01 11:12:25.68,1264,0.000,Custom
581,1.000,0.000,0.000,0.000,0.000,0.000,2025-04-01 11:12:38.738,1265,0.000,Custom
582,1.000,0.000,0.000,0.000,0.000,0.000,2025-04-01 11:13:11.894,1266,0.000,Custom
583,1.000,0.000,0.000,0.000,0.000,0.000,2025-04-01 11:13:31.55,1268,0.000,Custom
584,1.000,0.000,0.000,0.000,0.000,0.000,2025-04-01 11:14:22.776,1306,0.000,Custom
585,1.000,0.000,0.000,0.000,0.000,0.000,2025-04-01 11:14:32.844,1307,0.000,Custom
586,1.000,0.000,0.000,0.000,0.000,0.000,2025-04-01 11:15:10.992,1270,0.000,Custom
587,1.000,0.000,0.000,0.000,0.000,0.000,2025-04-01 11:15:22.044,1271,0.000,Custom
588,1.000,0.000,0.000,0.000,0.000,0.000,2025-04-01 11:16:15.173,1273,0.000,Custom
589,1.000,0.000,0.000,0.000,0.000,0.000,2025-04-01 11:16:27.309,1274,0.000,Custom
590,1.000,0.000,0.000,0.000,0.000,0.000,2025-04-01 11:16:37.97,1275,0.000,Custom
591,1.000,0.000,0.000,0.000,0.000,0.000,2025-04-01 11:17:11.459,1276,0.000,Custom
592,1.000,0.000,0.000,0.000,0.000,0.000,2025-04-01 11:17:22.042,1277,0.000,Custom
593,1.000,0.000,0.000,0.000,0.000,0.000,2025-04-01 11:17:33.969,1278,0.000,Custom
594,1.000,0.000,0.000,0.000,0.000,0.000,2025-04-01 11:18:10.29,1279,0.000,Custom
595,1.000,0.000,0.000,0.000,0.000,0.000,2025-04-01 11:18:20.365,1280,0.000,Custom
596,1.000,0.000,0.000,0.000,0.000,0.000,2025-04-01 11:18:30.308,1281,0.000,Custom
597,1.000,0.000,0.000,0.000,0.000,0.000,2025-04-01 11:19:11.32,1282,0.000,Custom
598,1.000,0.000,0.000,0.000,0.000,0.000,2025-04-01 11:19:20.839,1283,0.000,Custom
599,1.000,0.000,0.000,0.000,0.000,0.000,2025-04-01 11:20:14.62,1285,0.000,Custom
600,1.000,0.000,0.000,0.000,0.000,0.000,2025-04-01 11:20:23.433,1286,0.000,Custom
601,1.000,0.000,0.000,0.000,0.000,0.000,2025-04-01 11:20:32.183,1287,0.000,Custom
602,1.000,0.000,0.000,0.000,0.000,0.000,2025-04-01 11:21:10.865,1288,0.000,Custom
603,1.000,0.000,0.000,0.000,0.000,0.000,2025-04-01 11:21:22.722,1289,0.000,Custom
604,1.000,0.000,0.000,0.000,0.000,0.000,2025-04-01 11:21:31.521,1290,0.000,Custom
605,1.000,0.000,0.000,0.000,0.000,0.000,2025-04-01 11:22:11.383,1291,0.000,Custom
606,1.000,0.000,0.000,0.000,0.000,0.000,2025-04-01 11:22:23.068,1292,0.000,Custom
607,1.000,0.000,0.000,0.000,0.000,0.000,2025-04-01 11:22:32.947,1293,0.000,Custom
608,1.000,0.000,0.000,0.000,0.000,0.000,2025-04-01 11:23:12.012,1294,0.000,Custom
609,1.000,0.000,0.000,0.000,0.000,0.000,2025-04-01 11:23:22.249,1295,0.000,Custom
610,1.000,0.000,0.000,0.000,0.000,0.000,2025-04-01 11:23:32.746,1296,0.000,Custom
611,1.000,0.000,0.000,0.000,0.000,0.000,2025-04-01 11:24:13.407,1297,0.000,Custom
612,1.000,0.000,0.000,0.000,0.000,0.000,2025-04-01 11:24:24.695,1298,0.000,Custom
613,1.000,0.000,0.000,0.000,0.000,0.000,2025-04-01 11:24:34.172,1299,0.000,Custom
614,1.000,0.000,0.000,0.000,0.000,0.000,2025-04-01 11:25:10.656,1300,0.000,Custom
615,1.000,0.000,0.000,0.000,0.000,0.000,2025-04-01 11:25:23.8,1301,0.000,Custom
616,1.000,0.000,0.000,0.000,0.000,0.000,2025-04-01 11:25:35.097,1302,0.000,Custom
617,1.000,0.000,0.000,0.000,0.000,0.000,2025-04-01 11:26:10.709,1303,0.000,Custom
618,1.000,0.000,0.000,0.000,0.000,0.000,2025-04-01 11:26:19.465,1304,0.000,Custom
619,1.000,0.000,0.000,0.000,0.000,0.000,2025-04-01 11:26:30.697,1305,0.000,Custom
620,1.000,0.000,0.000,0.000,0.000,0.000,2025-04-01 11:27:12.291,1308,0.000,Custom
621,1.000,0.000,0.000,0.000,0.000,0.000,2025-04-01 11:27:24.1,1309,0.000,Custom
622,1.000,0.000,0.000,0.000,0.000,0.000,2025-04-01 11:27:34.181,1310,0.000,Custom
623,1.000,0.000,0.000,0.000,0.000,0.000,2025-04-01 11:28:12.473,1311,0.000,Custom
624,1.000,0.000,0.000,0.000,0.000,0.000,2025-04-01 11:28:24.013,1312,0.000,Custom
625,1.000,0.000,0.000,0.000,0.000,0.000,2025-04-01 11:28:34.914,1313,0.000,Custom
626,1.000,0.000,0.000,0.000,0.000,0.000,2025-04-01 11:29:11.121,1314,0.000,Custom
627,1.000,0.000,0.000,0.000,0.000,0.000,2025-04-01 11:29:21.985,1315,0.000,Custom
628,1.000,0.000,0.000,0.000,0.000,0.000,2025-04-01 11:29:34.067,1316,0.000,Custom
629,1.000,0.000,0.000,0.000,0.000,0.000,2025-04-01 11:30:18.356,1317,0.000,Custom
630,1.000,0.000,0.000,0.000,0.000,0.000,2025-04-01 11:30:30.044,1318,0.000,Custom
631,1.000,0.900,0.000,0.000,0.000,0.000,2025-04-01 11:30:42.043,1319,0.000,Custom
632,1.000,0.000,0.000,0.000,0.000,0.000,2025-04-01 11:31:09.915,1320,0.000,Custom
633,1.000,0.000,0.000,0.000,0.000,0.000,2025-04-01 11:31:21.665,1321,0.000,Custom
634,1.000,0.900,0.000,0.000,0.000,0.000,2025-04-01 11:31:33.029,1322,0.000,Custom
635,1.000,0.900,0.000,0.000,0.000,0.000,2025-04-01 11:32:11.54,1323,0.000,Custom
636,1.000,0.950,0.000,0.900,0.900,0.000,2025-04-01 11:32:22.283,1324,0.000,Custom
637,1.000,0.950,0.000,0.000,0.000,0.000,2025-04-01 11:32:32.069,1325,0.000,Custom
638,1.000,0.000,0.000,0.000,0.000,0.000,2025-04-01 11:33:12.544,1326,0.000,Custom
639,1.000,0.000,0.000,0.000,0.000,0.000,2025-04-01 11:33:22.342,1327,0.000,Custom
640,1.000,0.000,0.000,0.950,0.950,0.000,2025-04-01 11:33:32.154,1328,0.000,Custom
641,1.000,0.000,0.000,0.000,0.000,0.000,2025-04-01 11:34:10.876,1329,0.000,Custom
642,1.000,0.000,0.000,0.000,0.000,0.000,2025-04-01 11:34:22.443,1330,0.000,Custom
643,1.000,0.000,0.000,0.000,0.000,0.000,2025-04-01 11:34:32.444,1331,0.000,Custom
644,1.000,0.000,0.000,0.000,0.000,0.000,2025-04-01 11:35:11.314,1332,0.000,Custom
645,1.000,0.000,0.000,0.000,0.000,0.000,2025-04-01 11:35:21.654,1333,0.000,Custom
646,1.000,0.950,0.000,0.000,0.000,0.000,2025-04-01 11:35:31.512,1334,0.000,Custom
647,1.000,0.950,0.000,0.000,0.000,0.000,2025-04-01 11:36:11.677,1335,0.000,Custom
648,1.000,0.900,0.000,0.000,0.000,0.000,2025-04-01 11:36:23.308,1336,0.000,Custom
649,1.000,0.900,0.000,0.000,0.000,0.000,2025-04-01 11:36:34.245,1337,0.000,Custom
650,1.000,0.950,0.000,0.000,0.000,0.000,2025-04-01 11:37:10.069,1338,0.000,Custom
651,1.000,0.950,0.000,0.000,0.000,0.000,2025-04-01 11:37:19.32,1339,0.000,Custom
652,1.000,0.000,0.000,0.000,0.000,0.000,2025-04-01 11:37:31.602,1340,0.000,Custom
653,1.000,0.000,0.000,0.000,0.000,0.000,2025-04-01 11:38:12.152,1341,0.000,Custom
654,1.000,0.000,0.000,0.000,0.000,0.000,2025-04-01 11:38:31.155,1343,0.000,Custom
655,1.000,0.000,0.000,0.000,0.000,0.000,2025-04-01 11:39:09.793,1344,0.000,Custom
656,1.000,0.000,0.000,0.000,0.000,0.000,2025-04-01 11:39:21.479,1345,0.000,Custom
657,0.000,0.000,0.000,0.000,0.000,0.000,2025-04-01 11:39:31.431,1346,0.000,Custom
658,1.000,0.000,0.000,0.000,0.000,0.000,2025-04-01 11:40:10.807,1347,0.000,Custom
659,1.000,0.000,0.000,0.000,0.000,0.000,2025-04-01 11:40:22.9,1348,0.000,Custom
660,1.000,0.000,0.000,0.000,0.000,0.000,2025-04-01 11:40:32.397,1349,0.000,Custom
661,1.000,0.000,0.000,0.000,0.000,0.000,2025-04-01 11:41:10.84,1350,0.000,Custom
662,1.000,0.000,0.000,0.000,0.000,0.000,2025-04-01 11:41:23.825,1351,0.000,Custom
663,1.000,0.000,0.000,0.000,0.000,0.000,2025-04-01 11:41:34.868,1352,0.000,Custom
664,1.000,0.000,0.000,0.000,0.000,0.000,2025-04-01 11:42:09.042,1353,0.000,Custom
665,1.000,0.000,0.000,0.000,0.000,0.000,2025-04-01 11:42:20.803,1354,0.000,Custom
666,1.000,0.000,0.000,0.000,0.000,0.000,2025-04-01 11:42:31.997,1355,0.000,Custom
667,1.000,0.000,0.000,0.000,0.000,0.000,2025-04-01 11:43:12.918,1356,0.000,Custom
668,1.000,0.000,0.000,0.000,0.000,0.000,2025-04-01 11:43:24.907,1357,0.000,Custom
669,1.000,0.000,0.000,0.000,0.000,0.000,2025-04-01 11:43:34.513,1358,0.000,Custom
670,1.000,0.000,0.000,0.000,0.000,0.000,2025-04-01 11:44:12.734,1359,0.000,Custom
671,1.000,0.000,0.000,0.000,0.000,0.000,2025-04-01 11:44:23.431,1360,0.000,Custom
672,0.000,0.000,0.000,0.000,0.000,0.000,2025-04-01 11:44:34.22,1361,0.000,Custom
673,1.000,0.000,0.000,0.000,0.000,0.000,2025-04-01 11:45:14.796,1362,0.000,Custom
674,1.000,0.000,0.000,0.000,0.000,0.000,2025-04-01 11:45:23.253,1363,0.000,Custom
675,1.000,0.000,0.000,0.000,0.000,0.000,2025-04-01 11:45:33.242,1364,0.000,Custom
676,0.000,0.000,0.000,0.000,0.000,0.000,2025-04-01 11:46:12.168,1365,0.000,Custom
677,1.000,0.000,0.000,0.000,0.000,0.000,2025-04-01 11:46:24.183,1366,0.000,Custom
678,1.000,0.000,0.000,0.000,0.000,0.000,2025-04-01 12:47:12.776,1367,0.000,Custom
679,1.000,0.000,0.000,0.000,0.000,0.000,2025-04-01 12:47:22.84,1368,0.000,Custom
680,1.000,0.000,0.000,0.000,0.000,0.000,2025-04-01 12:47:34.839,1369,0.000,Custom
681,1.000,0.000,0.000,0.000,0.000,0.000,2025-04-01 12:48:13.011,1370,0.000,Custom
682,1.000,0.000,0.000,0.000,0.000,0.000,2025-04-01 12:48:23.325,1371,0.000,Custom
683,1.000,0.000,0.000,0.000,0.000,0.000,2025-04-01 12:48:34.619,1372,0.000,Custom
684,1.000,0.000,0.000,0.000,0.000,0.000,2025-04-01 12:49:12.101,1373,0.000,Custom
685,1.000,0.000,0.000,0.000,0.000,0.000,2025-04-01 12:49:21.695,1374,0.000,Custom
686,1.000,0.000,0.000,0.000,0.000,0.000,2025-04-01 12:49:34.13,1375,0.000,Custom
687,1.000,0.000,0.000,0.000,0.000,0.000,2025-04-01 12:50:12.507,1376,0.000,Custom
688,1.000,0.000,0.000,0.950,0.950,0.000,2025-04-01 12:50:23.739,1377,0.000,Custom
689,1.000,0.000,0.000,0.000,0.000,0.000,2025-04-01 12:50:35.563,1378,0.000,Custom
690,1.000,0.000,0.000,0.000,0.000,0.000,2025-04-01 12:51:12.984,1379,0.000,Custom
691,1.000,0.000,0.000,0.000,0.000,0.000,2025-04-01 12:51:22.318,1380,0.000,Custom
692,1.000,0.000,0.000,0.000,0.000,0.000,2025-04-01 12:51:34.745,1381,0.000,Custom
693,1.000,0.000,0.000,0.000,0.000,0.000,2025-04-01 12:52:11.777,1382,0.000,Custom
694,1.000,0.000,0.000,0.000,0.000,0.000,2025-04-01 12:52:22.396,1383,0.000,Custom
695,0.000,0.000,0.000,0.000,0.000,0.000,2025-04-01 12:52:32.827,1384,0.000,Custom
696,1.000,0.000,0.000,0.000,0.000,0.000,2025-04-01 12:53:11.42,1385,0.000,Custom
697,1.000,0.000,0.000,0.000,0.000,0.000,2025-04-01 12:53:23.052,1386,0.000,Custom
698,1.000,0.000,0.000,0.000,0.000,0.000,2025-04-01 12:53:34.357,1387,0.000,Custom
699,1.000,0.000,0.000,0.000,0.000,0.000,2025-04-01 12:54:19.151,1389,0.000,Custom
700,1.000,0.000,0.000,0.000,0.000,0.000,2025-04-01 12:54:32.05,1390,0.000,Custom
701,1.000,0.000,0.000,0.000,0.000,0.000,2025-04-01 12:55:10,1391,0.000,Custom
702,0.000,0.000,0.000,0.000,0.000,0.000,2025-04-01 12:55:21.165,1392,0.000,Custom
703,1.000,0.000,0.000,0.000,0.000,0.000,2025-04-01 12:55:34.142,1393,0.000,Custom
704,0.000,0.000,0.000,0.000,0.000,0.000,2025-04-01 12:56:13.513,1394,0.000,Custom
705,1.000,0.000,0.000,0.000,0.000,0.000,2025-04-01 12:56:24.484,1395,0.000,Custom
706,1.000,0.000,0.000,0.000,0.000,0.000,2025-04-01 12:56:36.164,1396,0.000,Custom
707,1.000,0.000,0.000,0.000,0.000,0.000,2025-04-01 12:57:09.723,1397,0.000,Custom
708,1.000,0.000,0.000,0.000,0.000,0.000,2025-04-01 12:58:11.383,1400,0.000,Custom
709,1.000,0.000,0.000,0.000,0.000,0.000,2025-04-01 12:58:21.075,1401,0.000,Custom
710,1.000,0.000,0.000,0.000,0.000,1.000,2025-04-01 12:58:30.705,1402,0.000,Custom
711,1.000,0.000,0.000,0.000,0.000,0.000,2025-04-01 12:59:14.572,1403,0.000,Custom
712,1.000,0.000,0.000,0.000,0.000,0.000,2025-04-01 12:59:23.987,1404,0.000,Custom
713,1.000,0.000,0.000,0.000,0.000,0.000,2025-04-01 13:00:14.024,1406,0.000,Custom
714,1.000,0.000,0.000,0.000,0.000,0.000,2025-04-01 13:00:25.4,1407,0.000,Custom
715,1.000,0.000,0.000,0.000,0.000,0.000,2025-04-01 13:00:35.354,1408,0.000,Custom
716,1.000,0.000,0.000,0.000,0.000,0.000,2025-04-01 13:01:12.781,1409,0.000,Custom
717,1.000,0.000,0.000,0.000,0.000,0.000,2025-04-01 13:01:23.686,1410,0.000,Custom
718,1.000,0.000,0.000,0.000,0.000,0.000,2025-04-01 13:01:32.822,1411,0.000,Custom
719,1.000,0.000,0.000,0.000,0.000,0.000,2025-04-01 13:02:11.367,1412,0.000,Custom
720,1.000,0.000,0.000,0.000,0.000,0.000,2025-04-01 13:02:32.433,1414,0.000,Custom
721,1.000,0.000,0.000,0.000,0.000,0.000,2025-04-01 13:03:22.067,1416,0.000,Custom
722,1.000,0.000,0.000,0.000,0.000,0.000,2025-04-01 13:03:33.771,1417,0.000,Custom
723,1.000,0.000,0.000,0.000,0.000,0.000,2025-04-01 13:04:10.047,1418,0.000,Custom
724,1.000,0.000,0.000,0.000,0.000,0.000,2025-04-01 13:04:22.659,1419,0.000,Custom
725,1.000,0.000,0.000,0.000,0.000,0.000,2025-04-01 13:04:34.186,1420,0.000,Custom
726,1.000,0.000,0.000,0.000,0.000,0.000,2025-04-01 13:05:20.797,1422,0.000,Custom
727,1.000,0.000,0.000,0.000,0.000,0.000,2025-04-01 13:05:29.63,1423,0.000,Custom
728,1.000,0.000,0.000,0.000,0.000,0.000,2025-04-01 13:06:12.142,1424,0.000,Custom
729,1.000,0.000,0.000,0.000,0.000,0.000,2025-04-01 13:06:23.955,1425,0.000,Custom
730,1.000,0.000,0.000,0.000,0.000,0.000,2025-04-01 13:06:35.658,1426,0.000,Custom
731,1.000,0.000,0.000,0.000,0.000,0.000,2025-04-01 13:07:11.939,1427,0.000,Custom
732,1.000,0.000,0.000,0.000,0.000,0.000,2025-04-01 13:07:24.683,1428,0.000,Custom
733,1.000,0.000,0.000,0.000,0.000,0.000,2025-04-01 13:07:36.042,1429,0.000,Custom
734,1.000,0.000,0.000,0.000,0.000,0.000,2025-04-01 13:08:12.712,1430,0.000,Custom
735,1.000,0.000,0.000,0.000,0.000,0.000,2025-04-01 13:08:24.835,1431,0.000,Custom
736,1.000,0.000,0.000,0.000,0.000,0.000,2025-04-01 13:08:36.909,1432,0.000,Custom
737,1.000,0.000,0.000,0.000,0.000,0.000,2025-04-01 13:09:11.723,1433,0.000,Custom
738,1.000,0.000,0.000,0.000,0.000,0.000,2025-04-01 13:09:32.12,1435,0.000,Custom
739,0.000,0.000,0.000,0.000,0.000,0.000,2025-04-01 13:10:21.29,1437,0.000,Custom
740,1.000,1.000,1.000,1.000,1.000,1.000,2025-04-01 13:10:31.903,1438,0.000,Custom
741,0.000,0.000,0.000,0.000,0.000,0.000,2025-04-01 13:11:23.054,1440,0.000,Custom
742,1.000,1.000,1.000,1.000,1.000,1.000,2025-04-01 13:11:32.6,1441,0.000,Custom
743,1.000,0.000,0.000,0.000,0.000,0.000,2025-04-01 13:12:13.392,1442,0.000,Custom
744,1.000,0.000,0.000,0.000,0.000,0.000,2025-04-01 13:12:22.092,1443,0.000,Custom
745,1.000,0.000,0.000,0.000,0.000,0.000,2025-04-01 13:12:33.43,1444,0.000,Custom
746,1.000,1.000,1.000,1.000,1.000,1.000,2025-04-01 13:13:21.839,1446,0.000,Custom
747,1.000,0.000,0.000,0.000,0.000,0.000,2025-04-01 13:13:32.387,1447,0.000,Custom
748,1.000,0.000,0.000,0.000,0.000,0.000,2025-04-01 13:14:33.658,1450,0.000,Custom
749,1.000,0.000,0.000,0.000,0.000,0.000,2025-04-01 13:15:21.409,1452,0.000,Custom
750,1.000,0.000,0.000,0.000,0.000,0.000,2025-04-01 13:15:31.036,1453,0.000,Custom
751,1.000,0.000,0.000,0.000,0.000,0.000,2025-04-01 13:16:12.174,1454,0.000,Custom
752,1.000,0.000,0.000,0.000,0.000,0.000,2025-04-01 13:16:23.991,1455,0.000,Custom
753,1.000,0.000,0.000,0.000,0.000,0.000,2025-04-01 13:16:36.774,1456,0.000,Custom
754,1.000,0.000,0.000,0.000,0.000,0.000,2025-04-01 13:17:13.191,1457,0.000,Custom
755,1.000,0.000,0.000,0.000,0.000,0.000,2025-04-01 13:17:25.396,1458,0.000,Custom
756,1.000,0.000,0.000,0.000,0.000,0.000,2025-04-01 13:17:38.269,1459,0.000,Custom
757,1.000,0.000,0.000,0.000,0.000,0.000,2025-04-01 13:18:12.272,1460,0.000,Custom
758,0.000,0.000,0.000,0.000,0.000,0.000,2025-04-01 13:18:25.224,1461,0.000,Custom
759,1.000,0.000,0.000,0.000,0.000,0.000,2025-04-01 13:18:35.608,1462,0.000,Custom
760,1.000,0.000,0.000,0.000,0.000,0.000,2025-04-01 13:19:10.029,1463,0.000,Custom
761,1.000,0.000,0.000,0.000,0.000,0.000,2025-04-01 13:19:22.421,1464,0.000,Custom
762,1.000,0.000,0.000,0.000,0.000,0.000,2025-04-01 13:19:32.384,1465,0.000,Custom
763,1.000,0.000,0.000,0.000,0.000,0.000,2025-04-01 13:21:11.202,1469,0.000,Custom
764,1.000,0.000,0.000,0.000,0.000,0.000,2025-04-01 13:21:33.122,1471,0.000,Custom
765,1.000,0.000,0.000,0.000,0.000,0.000,2025-04-01 13:22:11.394,1472,0.000,Custom
766,1.000,0.000,0.000,0.000,0.000,0.000,2025-04-01 13:22:26.46,1473,0.000,Custom
767,1.000,0.000,0.000,0.000,0.000,0.000,2025-04-01 13:23:22.223,1476,0.000,Custom
768,1.000,0.000,0.000,0.000,0.000,0.000,2025-04-01 13:23:32.556,1477,0.000,Custom
769,1.000,0.000,0.000,0.000,0.000,0.000,2025-04-01 13:24:10.213,1478,0.000,Custom
770,1.000,0.000,0.000,0.000,0.000,0.000,2025-04-01 13:24:22.762,1479,0.000,Custom
771,1.000,1.000,1.000,1.000,1.000,1.000,2025-04-01 13:24:34.515,1480,0.000,Custom
772,1.000,0.000,0.000,0.000,0.000,0.000,2025-04-01 13:25:20.581,1482,0.000,Custom
773,1.000,0.000,0.000,0.000,0.000,0.000,2025-04-01 13:26:13.516,1484,0.000,Custom
774,1.000,0.000,0.000,0.000,0.000,0.000,2025-04-01 13:26:32.875,1486,0.000,Custom
775,1.000,0.000,0.000,0.000,0.000,0.000,2025-04-01 13:27:10.955,1487,0.000,Custom
776,1.000,0.000,0.000,0.000,0.000,0.000,2025-04-01 13:27:23.448,1488,0.000,Custom
777,1.000,0.000,0.000,0.000,0.000,0.000,2025-04-01 13:27:35.809,1489,0.000,Custom
778,1.000,0.000,0.000,0.000,0.000,0.000,2025-04-01 13:28:11.986,1490,0.000,Custom
779,1.000,1.000,1.000,1.000,1.000,1.000,2025-04-01 13:28:20.962,1491,0.000,Custom
780,1.000,0.000,0.000,0.000,0.000,0.000,2025-04-01 13:28:33.44,1492,0.000,Custom
781,1.000,0.000,0.000,0.000,0.000,0.000,2025-04-01 13:30:13.096,1496,0.000,Custom
782,1.000,0.000,0.000,0.000,0.000,0.000,2025-04-01 13:30:23.699,1497,0.000,Custom
783,1.000,0.000,0.000,0.000,0.000,0.000,2025-04-01 13:30:35.519,1498,0.000,Custom
784,1.000,0.000,0.000,0.000,0.000,0.000,2025-04-01 13:31:21.422,1500,0.000,Custom
785,1.000,0.000,0.000,0.000,0.000,0.000,2025-04-01 13:31:32.203,1501,0.000,Custom
786,1.000,0.000,0.000,0.000,0.000,0.000,2025-04-01 13:32:14.372,1502,0.000,Custom
787,1.000,0.000,0.000,0.000,0.000,0.000,2025-04-01 13:32:24.934,1503,0.000,Custom
788,1.000,0.000,0.000,0.000,0.000,0.000,2025-04-01 13:32:36.965,1504,0.000,Custom
789,0.000,0.000,0.000,0.000,0.000,0.000,2025-04-01 13:33:12.345,1505,0.000,Custom
790,1.000,0.000,0.000,0.000,0.000,0.000,2025-04-01 13:33:24.58,1506,0.000,Custom
791,1.000,0.000,0.000,0.000,0.000,0.000,2025-04-01 13:34:21.699,1509,0.000,Custom
792,1.000,1.000,1.000,1.000,1.000,1.000,2025-04-01 13:35:12.567,1511,0.000,Custom
793,1.000,1.000,1.000,1.000,1.000,1.000,2025-04-01 13:35:23.725,1512,0.000,Custom
794,1.000,1.000,1.000,1.000,1.000,1.000,2025-04-01 13:35:34.694,1513,0.000,Custom
795,1.000,1.000,1.000,1.000,1.000,1.000,2025-04-01 13:36:12.829,1514,0.000,Custom
796,1.000,0.000,0.000,0.000,0.000,0.000,2025-04-01 13:36:24.951,1515,0.000,Custom
797,1.000,0.000,0.000,0.000,0.000,0.000,2025-04-01 13:37:24.785,1518,0.000,Custom
798,1.000,0.000,0.000,0.000,0.000,0.000,2025-04-01 13:37:36.294,1519,0.000,Custom
799,1.000,0.000,0.000,0.000,0.000,0.000,2025-04-01 13:38:10.971,1520,0.000,Custom
800,1.000,0.000,0.000,0.000,0.000,0.000,2025-04-01 13:38:24.398,1521,0.000,Custom
801,1.000,0.000,0.000,0.000,0.000,0.000,2025-04-01 13:39:22.234,1524,0.000,Custom
802,1.000,0.000,0.000,0.000,0.000,0.000,2025-04-01 13:39:32.584,1525,0.000,Custom
803,1.000,0.000,0.000,0.000,0.000,0.000,2025-04-01 13:40:15.04,1526,0.000,Custom
804,1.000,0.000,0.000,0.000,0.000,0.000,2025-04-01 13:40:27.482,1527,0.000,Custom
805,1.000,0.000,0.000,0.000,0.000,0.000,2025-04-01 13:40:38.191,1528,0.000,Custom
806,1.000,0.000,0.000,0.000,0.000,0.000,2025-04-01 13:41:12.441,1529,0.000,Custom
807,1.000,0.000,0.000,0.000,0.000,0.000,2025-04-01 13:41:24.267,1530,0.000,Custom
808,1.000,0.000,0.000,0.000,0.000,0.000,2025-04-01 13:41:34.521,1531,0.000,Custom
809,1.000,0.000,0.000,0.000,0.000,0.000,2025-04-01 13:42:11.991,1532,0.000,Custom
810,1.000,0.000,0.000,0.000,0.000,0.000,2025-04-01 13:42:23.04,1533,0.000,Custom
811,0.000,0.000,0.000,0.000,0.000,0.000,2025-04-01 13:42:34.048,1534,0.000,Custom
812,1.000,0.000,0.000,0.000,0.000,0.000,2025-04-01 13:43:13.735,1535,0.000,Custom
813,1.000,0.900,0.000,0.000,0.000,0.000,2025-04-01 13:43:26.51,1536,0.000,Custom
814,1.000,0.000,0.000,0.000,0.000,0.000,2025-04-01 13:43:38.367,1537,0.000,Custom
815,1.000,0.000,0.000,0.000,0.000,0.000,2025-04-01 13:44:14.95,1538,0.000,Custom
816,1.000,0.000,0.000,0.000,0.000,0.000,2025-04-01 13:44:26.868,1539,0.000,Custom
817,1.000,0.000,0.000,0.000,0.000,0.000,2025-04-01 13:44:37.309,1540,0.000,Custom
818,1.000,0.000,0.000,0.000,0.000,0.000,2025-04-01 13:45:11.563,1541,0.000,Custom
819,1.000,0.000,0.000,0.000,0.000,0.000,2025-04-01 13:45:19.916,1542,0.000,Custom
820,1.000,0.000,0.000,0.000,0.000,0.000,2025-04-01 13:45:31.868,1543,0.000,Custom
821,1.000,0.000,0.000,0.000,0.000,0.000,2025-04-01 13:46:19.307,1545,0.000,Custom
822,1.000,0.000,0.000,0.000,0.000,0.000,2025-04-01 13:46:28.006,1546,0.000,Custom
823,1.000,0.000,0.000,0.000,0.000,0.000,2025-04-01 13:47:12.027,1547,0.000,Custom
824,1.000,0.000,0.000,0.000,0.000,0.000,2025-04-01 13:47:21.756,1548,0.000,Custom
825,1.000,0.000,0.000,0.000,0.000,0.000,2025-04-01 13:48:14.292,1550,0.000,Custom
826,1.000,0.000,0.000,0.000,0.000,0.000,2025-04-01 13:48:24.056,1551,0.000,Custom
827,1.000,0.000,0.000,0.000,0.000,0.000,2025-04-01 13:48:35.109,1552,0.000,Custom
828,1.000,0.000,0.000,0.000,0.000,0.000,2025-04-01 13:49:12.515,1553,0.000,Custom
829,1.000,0.000,0.000,0.000,0.000,0.000,2025-04-01 13:49:26.172,1554,0.000,Custom
830,1.000,0.000,0.000,0.000,0.000,0.000,2025-04-01 13:49:35.476,1555,0.000,Custom
831,1.000,0.000,0.000,0.000,0.000,0.000,2025-04-01 13:50:12.601,1556,0.000,Custom
832,1.000,0.000,0.000,0.000,0.000,0.000,2025-04-01 13:50:33.994,1558,0.000,Custom
833,1.000,0.000,0.000,0.000,0.000,0.000,2025-04-01 13:51:12.362,1559,0.000,Custom
834,1.000,0.000,0.000,0.000,0.000,0.000,2025-04-01 13:51:22.029,1560,0.000,Custom
835,1.000,0.000,0.000,0.000,0.000,0.000,2025-04-01 13:51:32.47,1561,0.000,Custom
836,1.000,0.000,0.000,0.000,0.000,0.000,2025-04-01 13:52:20.596,1563,0.000,Custom
837,1.000,0.000,0.000,0.000,0.000,0.000,2025-04-01 13:52:31.803,1564,0.000,Custom
838,1.000,0.000,0.000,0.000,0.000,0.000,2025-04-01 13:53:11.099,1565,0.000,Custom
839,1.000,0.000,0.000,0.000,0.000,0.000,2025-04-01 13:53:21.723,1566,0.000,Custom
840,0.000,0.000,0.000,0.000,0.000,0.000,2025-04-01 13:53:32.679,1567,0.000,Custom
841,0.000,0.000,0.000,1.000,0.000,0.000,2025-04-01 13:54:23.047,1569,0.000,Custom
842,1.000,0.900,0.850,0.950,0.950,0.000,2025-04-01 13:54:34.635,1570,0.000,Custom
843,1.000,0.000,0.000,0.000,0.000,0.000,2025-04-01 13:55:21.573,1572,0.000,Custom
844,1.000,0.000,0.000,0.000,0.000,0.000,2025-04-01 13:55:30.088,1573,0.000,Custom
845,1.000,0.000,0.000,0.000,0.000,0.000,2025-04-01 13:57:11.79,1577,0.000,Custom
846,1.000,0.000,0.000,0.000,0.000,0.000,2025-04-01 13:57:23.237,1578,0.000,Custom
847,1.000,0.000,0.000,0.000,0.000,0.000,2025-04-01 13:58:11.229,1580,0.000,Custom
848,1.000,0.000,0.000,0.000,0.000,0.000,2025-04-01 13:58:21.714,1581,0.000,Custom
849,1.000,0.000,0.000,0.000,0.000,0.000,2025-04-01 13:58:33.05,1582,0.000,Custom
850,1.000,0.000,0.000,0.000,0.000,0.000,2025-04-01 13:59:12.296,1583,0.000,Custom
851,1.000,0.000,0.000,0.000,0.000,0.000,2025-04-01 13:59:24.123,1584,0.000,Custom
852,1.000,0.000,0.000,0.000,0.000,0.000,2025-04-01 13:59:35.36,1585,0.000,Custom
853,1.000,0.000,0.000,0.000,0.000,0.000,2025-04-01 14:00:15.988,1586,0.000,Custom
854,1.000,0.000,0.000,0.000,0.000,0.000,2025-04-01 14:00:27.914,1587,0.000,Custom
855,1.000,0.000,0.000,0.000,0.000,0.000,2025-04-01 14:00:37.661,1588,0.000,Custom
856,1.000,0.700,0.000,0.850,0.900,0.000,2025-04-01 14:01:11.84,1589,0.000,Custom
857,1.000,0.650,0.000,0.000,0.000,0.000,2025-04-01 14:01:24.079,1590,0.000,Custom
858,1.000,0.000,0.000,0.000,0.000,0.000,2025-04-01 14:01:35.378,1591,0.000,Custom
859,1.000,0.000,0.000,0.000,0.000,0.000,2025-04-01 14:02:13.553,1592,0.000,Custom
860,1.000,0.000,0.000,0.000,0.000,0.000,2025-04-01 14:02:23.093,1593,0.000,Custom
861,1.000,0.650,0.000,0.000,0.000,0.000,2025-04-01 14:02:33.064,1594,0.000,Custom
862,1.000,0.000,0.000,0.000,0.000,0.000,2025-04-01 14:03:12.765,1595,0.000,Custom
863,1.000,0.750,0.000,0.900,0.950,0.000,2025-04-01 14:03:25.286,1596,0.000,Custom
864,1.000,0.700,0.000,0.900,0.950,0.000,2025-04-01 14:03:36.157,1597,0.000,Custom
865,1.000,0.000,0.000,0.000,0.000,0.000,2025-04-01 14:04:13.869,1598,0.000,Custom
866,1.000,0.000,0.000,0.000,0.000,0.000,2025-04-01 14:04:24.116,1599,0.000,Custom
867,1.000,0.650,0.550,0.900,0.950,0.000,2025-04-01 14:04:35.891,1600,0.000,Custom
868,1.000,0.900,0.000,0.900,0.900,0.000,2025-04-01 14:05:19.773,1601,0.000,Custom
869,1.000,0.000,0.000,0.000,0.000,0.000,2025-04-01 14:05:32.801,1602,0.000,Custom
870,1.000,0.900,0.000,0.900,0.900,0.900,2025-04-01 14:05:43.367,1603,0.000,Custom
871,1.000,0.950,0.000,0.900,0.900,0.000,2025-04-01 14:06:12.486,1604,0.000,Custom
872,1.000,0.000,0.000,0.000,0.000,0.000,2025-04-01 14:06:21.811,1605,0.000,Custom
873,1.000,0.000,0.000,0.000,0.000,0.000,2025-04-01 14:06:34.84,1606,0.000,Custom
874,1.000,0.000,0.000,0.000,0.000,0.000,2025-04-01 14:07:11.485,1607,0.000,Custom
875,1.000,0.000,0.000,0.000,0.000,0.000,2025-04-01 14:07:22.487,1608,0.000,Custom
876,1.000,0.000,0.000,0.000,0.000,0.000,2025-04-01 14:07:31.922,1609,0.000,Custom
877,1.000,0.850,0.750,0.900,0.950,0.900,2025-04-01 14:08:14.553,1610,0.000,Custom
878,1.000,0.000,0.000,0.950,0.950,0.000,2025-04-01 14:09:13.835,1613,0.000,Custom
879,1.000,0.850,0.750,0.900,0.950,0.000,2025-04-01 14:10:23.727,1617,0.000,Custom
880,1.000,0.650,0.550,0.500,0.500,0.000,2025-04-01 14:10:35.075,1618,0.000,Custom
881,1.000,0.000,0.000,0.900,0.950,0.000,2025-04-01 14:11:12.153,1619,0.000,Custom
882,1.000,0.000,0.000,0.900,0.950,0.000,2025-04-01 14:11:23.597,1620,0.000,Custom
883,1.000,0.900,0.000,0.800,0.900,0.000,2025-04-01 14:11:33.328,1621,0.000,Custom
884,1.000,0.900,0.000,0.950,0.950,0.000,2025-04-01 14:12:14.454,1622,0.000,Custom
885,1.000,0.000,0.000,0.900,0.950,0.000,2025-04-01 14:12:35.288,1624,0.000,Custom
886,1.000,0.000,0.000,0.000,0.000,0.000,2025-04-01 14:13:22.902,1626,0.000,Custom
887,1.000,0.800,0.000,0.750,0.750,0.750,2025-04-01 14:14:09.723,1628,0.000,Custom
888,1.000,0.850,0.000,0.000,0.000,1.000,2025-04-01 14:15:13.026,1631,0.000,Custom
889,1.000,0.000,0.000,0.900,0.900,0.000,2025-04-01 14:15:22.928,1632,0.000,Custom
890,1.000,0.000,0.000,0.000,0.000,0.000,2025-04-01 14:16:21.706,1635,0.000,Custom
891,1.000,0.000,0.000,0.000,0.000,0.000,2025-04-01 14:17:12.744,1637,0.000,Custom
892,1.000,0.000,0.000,0.000,0.000,0.000,2025-04-01 14:17:35.189,1639,0.000,Custom
893,1.000,0.000,0.000,0.000,0.000,0.000,2025-04-01 14:18:13.219,1640,0.000,Custom
894,1.000,0.000,0.000,0.000,0.000,0.000,2025-04-01 14:18:25.571,1641,0.000,Custom
895,1.000,0.000,0.000,0.000,0.000,0.000,2025-04-01 14:18:38.648,1642,0.000,Custom
896,1.000,0.000,0.000,0.000,0.000,0.000,2025-04-01 14:19:13.578,1643,0.000,Custom
897,1.000,0.000,0.000,0.000,0.000,0.000,2025-04-01 14:19:23.9,1644,0.000,Custom
898,1.000,0.000,0.000,0.950,0.950,0.000,2025-04-01 14:19:34.834,1645,0.000,Custom
899,1.000,0.000,0.000,0.000,0.000,0.000,2025-04-01 14:20:14.622,1646,0.000,Custom
900,1.000,0.000,0.000,0.000,0.000,0.000,2025-04-01 14:20:24.975,1647,0.000,Custom
901,1.000,0.000,0.000,0.000,0.000,0.000,2025-04-01 14:20:35.941,1648,0.000,Custom
902,1.000,0.950,0.000,0.000,0.000,0.000,2025-04-01 14:21:13.384,1649,0.000,Custom
903,1.000,0.000,0.000,0.000,0.000,0.000,2025-04-01 14:21:25.631,1650,0.000,Custom
904,1.000,0.950,0.000,0.000,0.000,0.000,2025-04-01 14:21:37.532,1651,0.000,Custom
905,1.000,0.900,0.000,0.000,0.000,0.000,2025-04-01 14:22:12.429,1652,0.000,Custom
906,1.000,0.950,0.000,0.000,0.000,0.000,2025-04-01 14:22:23.708,1653,0.000,Custom
907,1.000,0.000,0.000,0.000,0.000,0.000,2025-04-01 14:22:35.446,1654,0.000,Custom
908,1.000,0.000,0.000,0.000,0.000,0.000,2025-04-01 14:23:11.445,1655,0.000,Custom
909,1.000,0.000,0.000,0.000,0.000,0.000,2025-04-01 14:23:22.002,1656,0.000,Custom
910,1.000,0.950,0.000,0.000,0.000,0.000,2025-04-01 14:24:21.873,1659,0.000,Custom
911,1.000,0.000,0.000,0.000,0.000,0.000,2025-04-01 14:24:34.564,1660,0.000,Custom
912,1.000,0.950,0.000,0.000,0.000,0.000,2025-04-01 14:25:13.967,1661,0.000,Custom
913,1.000,0.000,0.000,0.000,0.000,0.000,2025-04-01 14:25:24.263,1662,0.000,Custom
914,1.000,0.000,0.000,0.000,0.000,0.000,2025-04-01 14:25:35.975,1663,0.000,Custom
915,1.000,1.000,0.000,0.000,0.000,0.000,2025-04-01 14:26:13.451,1664,0.000,Custom
916,1.000,0.000,0.000,0.000,0.000,0.000,2025-04-01 14:26:26.537,1665,0.000,Custom
917,1.000,0.000,0.000,0.000,0.000,0.000,2025-04-01 14:27:13.877,1667,0.000,Custom
918,1.000,0.000,0.000,0.000,0.000,0.000,2025-04-01 14:27:24.621,1668,0.000,Custom
919,1.000,0.000,0.000,0.000,0.000,0.000,2025-04-01 14:27:35.709,1669,0.000,Custom
920,1.000,0.000,0.000,0.000,0.000,0.000,2025-04-01 14:28:17.513,1671,0.000,Custom
921,1.000,0.000,0.000,0.000,0.000,0.000,2025-04-01 14:30:17.157,1676,0.000,Custom
922,1.000,0.000,0.000,0.000,0.000,0.000,2025-04-01 14:30:26.399,1677,0.000,Custom
923,1.000,0.000,0.000,0.000,0.000,0.000,2025-04-01 14:30:36.023,1678,0.000,Custom
924,1.000,0.000,0.000,0.000,0.000,0.000,2025-04-01 14:31:09.947,1679,0.000,Custom
925,1.000,0.000,0.000,0.000,0.000,0.000,2025-04-01 14:31:19.966,1680,0.000,Custom
926,1.000,0.000,0.000,0.000,1.000,0.000,2025-04-01 14:31:31.243,1681,0.000,Custom
927,1.000,0.000,0.000,0.000,0.000,0.000,2025-04-01 14:32:28.77,1683,0.000,Custom
928,1.000,0.000,0.000,0.000,0.000,0.000,2025-04-01 14:32:41.295,1684,0.000,Custom
929,1.000,0.900,0.000,0.800,0.850,0.000,2025-04-01 14:33:12.63,1685,0.000,Custom
930,1.000,0.000,0.000,0.000,0.000,0.000,2025-04-01 14:33:22.509,1686,0.000,Custom
931,1.000,0.000,0.000,0.000,0.000,0.000,2025-04-01 14:33:34.077,1687,0.000,Custom
932,0.000,0.000,0.000,0.000,0.000,0.000,2025-04-01 14:34:10.974,1688,0.000,Custom
933,1.000,0.000,0.000,0.000,0.000,0.000,2025-04-01 14:34:20.553,1689,0.000,Custom
934,1.000,0.000,0.000,0.000,0.000,0.000,2025-04-01 14:35:21.194,1692,0.000,Custom
935,1.000,0.000,0.000,0.000,0.000,0.000,2025-04-01 14:36:14.651,1694,0.000,Custom
936,1.000,0.000,0.000,0.000,0.000,0.000,2025-04-01 14:36:24.76,1695,0.000,Custom
937,1.000,0.000,0.000,0.000,0.000,0.000,2025-04-01 14:36:36.155,1696,0.000,Custom
938,1.000,0.000,0.000,0.000,0.000,0.000,2025-04-01 14:37:11.302,1697,0.000,Custom
939,1.000,0.000,0.000,0.000,0.000,0.000,2025-04-01 14:37:22.302,1698,0.000,Custom
940,1.000,0.000,0.000,0.000,0.000,0.000,2025-04-01 14:37:32.72,1699,0.000,Custom
941,1.000,0.000,0.000,0.000,0.000,0.000,2025-04-01 14:38:11.274,1700,0.000,Custom
942,1.000,0.000,0.000,0.000,0.000,0.000,2025-04-01 14:38:20.775,1701,0.000,Custom
943,1.000,0.000,0.000,0.000,0.000,0.000,2025-04-01 14:38:32.64,1702,0.000,Custom
944,1.000,0.000,0.000,0.000,0.000,0.000,2025-04-01 14:39:10.482,1703,0.000,Custom
945,1.000,0.000,0.000,0.000,0.000,0.000,2025-04-01 14:39:21.197,1704,0.000,Custom
946,1.000,0.000,0.000,0.000,0.000,0.000,2025-04-01 14:39:32.033,1705,0.000,Custom
947,1.000,0.000,0.000,0.000,0.000,0.000,2025-04-01 14:40:12.803,1706,0.000,Custom
948,1.000,0.000,0.000,0.000,0.000,0.000,2025-04-01 14:40:23.092,1707,0.000,Custom
949,0.000,0.000,0.000,0.000,0.000,0.000,2025-04-01 14:40:33.785,1708,0.000,Custom
950,1.000,0.000,0.000,0.000,0.000,0.000,2025-04-01 14:41:13.503,1709,0.000,Custom
951,1.000,0.000,0.000,0.000,0.000,0.000,2025-04-01 14:41:25.972,1710,0.000,Custom
952,1.000,0.000,0.000,0.000,0.000,0.000,2025-04-01 14:41:37.243,1711,0.000,Custom
953,1.000,0.000,0.000,0.000,0.000,0.000,2025-04-01 14:42:10.684,1712,0.000,Custom
954,1.000,0.000,0.000,0.000,0.000,0.000,2025-04-01 14:43:13.585,1715,0.000,Custom
955,1.000,0.000,0.000,0.000,0.000,0.000,2025-04-01 14:43:23.67,1716,0.000,Custom
956,1.000,0.000,0.000,0.000,0.000,0.000,2025-04-01 14:43:34.441,1717,0.000,Custom
957,1.000,0.000,0.000,0.000,0.000,0.000,2025-04-01 14:45:12.371,1721,0.000,Custom
958,1.000,0.000,0.000,0.000,0.000,0.000,2025-04-01 14:45:24.53,1722,0.000,Custom
959,1.000,0.000,0.000,0.000,0.000,0.000,2025-04-01 14:45:33.848,1723,0.000,Custom
960,1.000,0.000,0.000,0.000,0.000,0.000,2025-04-01 14:46:12.215,1724,0.000,Custom
961,1.000,0.000,0.000,0.000,0.000,0.000,2025-04-01 14:46:39.978,1726,0.000,Custom
962,1.000,0.000,0.000,0.000,0.000,0.000,2025-04-01 14:47:12.702,1727,0.000,Custom
963,1.000,0.000,0.000,0.000,0.000,0.000,2025-04-01 14:47:25.918,1728,0.000,Custom
964,1.000,0.000,0.000,0.000,0.000,0.000,2025-04-01 14:47:37.58,1729,0.000,Custom
965,1.000,0.000,0.000,0.000,0.000,0.000,2025-04-01 14:48:11.682,1730,0.000,Custom
966,1.000,0.000,0.000,0.000,0.000,0.000,2025-04-01 14:48:23.154,1731,0.000,Custom
967,1.000,0.000,0.000,0.000,0.000,0.000,2025-04-01 14:48:33.518,1732,0.000,Custom
968,1.000,0.000,0.000,0.000,0.000,0.000,2025-04-01 14:49:10.584,1733,0.000,Custom
969,1.000,0.000,0.000,0.000,0.000,0.000,2025-04-01 14:49:22.746,1734,0.000,Custom
970,1.000,0.000,0.000,0.000,0.000,0.000,2025-04-01 14:49:33.355,1735,0.000,Custom
971,1.000,0.000,0.000,0.000,0.000,0.000,2025-04-01 14:50:11.33,1736,0.000,Custom
972,1.000,0.000,0.000,0.000,0.000,0.000,2025-04-01 14:51:10.412,1739,0.000,Custom
973,1.000,0.000,0.000,0.000,0.000,0.000,2025-04-01 14:51:18.805,1740,0.000,Custom
974,1.000,0.000,0.000,0.000,0.000,0.000,2025-04-01 14:51:29.958,1741,0.000,Custom
975,1.000,0.000,0.000,0.000,0.000,0.000,2025-04-01 14:52:12.025,1742,0.000,Custom
976,1.000,0.000,0.000,0.000,0.000,0.000,2025-04-01 14:52:20.333,1743,0.000,Custom
977,1.000,0.000,0.000,0.000,0.000,0.000,2025-04-01 14:52:31.272,1744,0.000,Custom
978,1.000,0.000,0.000,0.000,0.000,0.000,2025-04-01 14:53:23.171,1746,0.000,Custom
979,1.000,0.000,0.000,0.000,0.000,0.000,2025-04-01 14:53:33.176,1747,0.000,Custom
980,1.000,1.000,1.000,1.000,1.000,1.000,2025-04-01 14:54:22.489,1749,0.000,Custom
981,1.000,0.000,0.000,0.000,0.000,0.000,2025-04-01 14:54:33.222,1750,0.000,Custom
982,1.000,0.000,0.000,0.000,0.000,0.000,2025-04-01 14:55:13.77,1751,0.000,Custom
983,1.000,0.000,0.000,0.000,0.000,0.000,2025-04-01 14:55:24.356,1752,0.000,Custom
984,1.000,0.000,0.000,0.000,0.000,0.000,2025-04-01 14:55:36.656,1753,0.000,Custom
985,1.000,0.000,0.000,1.000,0.000,0.000,2025-04-01 14:56:13.645,1754,0.000,Custom
986,1.000,0.000,0.000,0.000,0.000,0.000,2025-04-01 14:56:32.096,1756,0.000,Custom
987,1.000,0.000,0.000,0.000,0.000,0.000,2025-04-01 14:57:11.013,1757,0.000,Custom
988,1.000,0.000,0.000,0.000,0.000,0.000,2025-04-01 14:57:23.761,1758,0.000,Custom
989,1.000,0.000,0.000,0.000,0.000,0.000,2025-04-01 14:57:34.807,1759,0.000,Custom
990,1.000,0.000,0.000,0.000,0.000,0.000,2025-04-01 14:58:10.53,1760,0.000,Custom
991,1.000,1.000,1.000,1.000,1.000,1.000,2025-04-01 14:58:21.012,1761,0.000,Custom
992,1.000,0.000,0.000,0.000,0.000,0.000,2025-04-01 14:58:31.006,1762,0.000,Custom
993,1.000,0.000,0.000,0.000,0.000,0.000,2025-04-01 14:59:11.52,1763,0.000,Custom
994,1.000,0.000,0.000,0.000,0.000,0.000,2025-04-01 14:59:23.499,1764,0.000,Custom
995,1.000,0.000,0.000,0.000,0.000,0.000,2025-04-01 14:59:32.505,1765,0.000,Custom
996,1.000,0.000,0.000,0.000,0.000,0.000,2025-04-01 15:00:13.244,1766,0.000,Custom
997,1.000,0.000,0.000,0.000,0.000,0.000,2025-04-01 15:00:27.285,1767,0.000,Custom
998,1.000,0.000,0.000,0.000,0.000,0.000,2025-04-01 15:00:39.868,1768,0.000,Custom
999,1.000,1.000,1.000,1.000,1.000,1.000,2025-04-01 15:01:11.19,1769,0.000,Custom
1000,1.000,1.000,1.000,1.000,1.000,1.000,2025-04-01 15:01:29.845,1771,0.000,Custom
1001,1.000,1.000,1.000,1.000,1.000,1.000,2025-04-01 15:02:10.503,1772,0.000,Custom
1002,1.000,0.000,0.000,0.000,0.000,0.000,2025-04-01 15:02:22.155,1773,0.000,Custom
1003,0.000,0.000,0.000,0.000,0.000,0.000,2025-04-01 15:03:20.189,1776,0.000,Custom
1004,0.000,0.000,0.000,0.000,0.000,0.000,2025-04-01 15:03:30.897,1777,0.000,Custom
1005,1.000,0.000,0.000,0.000,0.000,0.000,2025-04-01 15:04:13.324,1778,0.000,Custom
1006,1.000,0.000,0.000,0.000,0.000,0.000,2025-04-01 15:04:27.092,1779,0.000,Custom
1007,1.000,0.000,0.000,0.000,0.000,0.000,2025-04-01 15:04:40.534,1780,0.000,Custom
1008,1.000,0.000,0.000,0.000,0.000,0.000,2025-04-01 15:05:13.162,1781,0.000,Custom
1009,1.000,0.000,0.000,0.000,0.000,0.000,2025-04-01 15:05:24.391,1782,0.000,Custom
1010,1.000,0.900,0.000,0.950,0.950,0.950,2025-04-01 15:06:14.152,1784,0.000,Custom
1011,1.000,0.000,0.000,0.000,0.000,0.000,2025-04-01 15:06:25.668,1785,0.000,Custom
1012,1.000,0.950,0.000,0.900,0.900,0.850,2025-04-01 15:06:35.548,1786,0.000,Custom
1013,1.000,0.000,0.000,0.000,0.000,0.000,2025-04-01 15:07:22.293,1788,0.000,Custom
1014,1.000,0.000,0.000,0.000,0.000,0.000,2025-04-01 15:07:32.801,1789,0.000,Custom
1015,1.000,0.000,0.000,0.900,0.950,0.000,2025-04-01 15:08:11.983,1790,0.000,Custom
1016,1.000,0.000,0.000,0.900,0.900,0.000,2025-04-01 15:08:23.792,1791,0.000,Custom
1017,1.000,0.900,0.000,1.000,0.950,0.900,2025-04-01 15:09:11.134,1793,0.000,Custom
1018,1.000,0.900,0.850,0.950,0.950,0.000,2025-04-01 15:10:12.659,1796,0.000,Custom
1019,1.000,0.950,0.000,1.000,1.000,0.000,2025-04-01 15:10:21.961,1797,0.000,Custom
1020,1.000,0.000,0.000,0.900,0.900,0.000,2025-04-01 15:11:10.944,1799,0.000,Custom
1021,1.000,0.000,0.000,0.900,0.900,0.000,2025-04-01 15:11:22.732,1800,0.000,Custom
1022,1.000,0.800,0.700,0.900,0.900,0.000,2025-04-01 15:12:11.775,1802,0.000,Custom
1023,1.000,0.950,0.850,0.900,0.920,0.880,2025-04-01 15:12:23.454,1803,0.000,Custom
1024,1.000,0.000,0.000,0.000,0.000,0.000,2025-04-01 15:12:35.419,1804,0.000,Custom
1025,1.000,0.850,0.000,1.000,0.950,0.900,2025-04-01 15:13:12.732,1805,0.000,Custom
1026,1.000,0.000,0.000,0.900,0.900,0.000,2025-04-01 15:14:24.154,1809,0.000,Custom
1027,1.000,0.000,0.000,0.000,0.000,0.000,2025-04-01 15:16:12.025,1879,0.000,Custom
1028,1.000,0.000,0.000,0.000,0.000,0.000,2025-04-01 15:16:21.226,1880,0.000,Custom
1029,1.000,0.000,0.000,0.900,0.950,0.000,2025-04-01 15:17:13.042,1815,0.000,Custom
1030,1.000,0.000,0.000,0.900,0.950,0.000,2025-04-01 15:17:21.522,1816,0.000,Custom
1031,1.000,0.000,0.000,0.900,0.950,0.000,2025-04-01 15:17:32.082,1817,0.000,Custom
1032,1.000,0.000,0.000,0.900,0.950,0.000,2025-04-01 15:18:13.475,1818,0.000,Custom
1033,1.000,0.850,0.000,0.800,0.800,0.000,2025-04-01 15:19:14.234,1821,0.000,Custom
1034,1.000,0.850,0.000,0.750,0.800,0.000,2025-04-01 15:19:25.267,1822,0.000,Custom
1035,1.000,0.850,0.000,0.900,0.950,0.000,2025-04-01 15:19:34.689,1823,0.000,Custom
1036,1.000,0.850,0.000,0.900,0.950,0.000,2025-04-01 15:20:12.26,1824,0.000,Custom
1037,1.000,0.950,0.900,0.900,0.950,0.000,2025-04-01 15:21:12.486,1827,0.000,Custom
1038,1.000,0.000,0.000,1.000,0.950,0.000,2025-04-01 15:21:24.044,1828,0.000,Custom
1039,1.000,0.950,0.900,0.900,0.950,0.000,2025-04-01 15:21:36.741,1829,0.000,Custom
1040,1.000,0.950,0.900,0.900,0.950,0.000,2025-04-01 15:22:22.748,1831,0.000,Custom
1041,1.000,0.950,0.850,0.900,0.920,0.000,2025-04-01 15:23:11.899,1833,0.000,Custom
1042,1.000,0.850,0.000,0.900,0.950,0.900,2025-04-01 15:23:32.882,1835,0.000,Custom
1043,1.000,0.850,0.000,0.800,0.800,0.800,2025-04-01 15:24:12.51,1836,0.000,Custom
1044,1.000,0.850,0.000,1.000,0.000,0.000,2025-04-01 15:24:23.443,1837,0.000,Custom
1045,1.000,0.850,0.000,0.900,0.950,0.000,2025-04-01 15:24:34.246,1838,0.000,Custom
1046,1.000,0.850,0.000,0.900,0.950,0.000,2025-04-01 15:25:10.675,1839,0.000,Custom
1047,1.000,0.800,0.000,1.000,0.900,0.900,2025-04-01 15:25:21.983,1840,0.000,Custom
1048,1.000,0.800,0.000,0.750,0.750,0.750,2025-04-01 15:25:32.511,1841,0.000,Custom
1049,1.000,0.850,0.000,0.900,0.950,0.000,2025-04-01 15:26:14.055,1842,0.000,Custom
1050,1.000,0.850,0.750,0.900,0.950,0.000,2025-04-01 15:26:35.292,1844,0.000,Custom
1051,1.000,0.000,0.000,0.900,0.900,0.000,2025-04-01 15:27:28.876,1847,0.000,Custom
1052,1.000,0.850,0.000,0.900,0.950,0.000,2025-04-01 15:29:14.428,1851,0.000,Custom
1053,1.000,0.850,0.000,0.900,0.950,0.900,2025-04-01 15:29:23.732,1852,0.000,Custom
1054,1.000,0.850,0.000,0.800,0.800,0.750,2025-04-01 15:29:33.486,1853,0.000,Custom
1055,1.000,0.850,0.000,0.800,0.800,0.000,2025-04-01 15:30:09.309,1854,0.000,Custom
1056,1.000,0.850,0.000,0.800,0.800,0.000,2025-04-01 15:30:19.986,1855,0.000,Custom
1057,1.000,0.850,0.000,0.800,0.800,0.000,2025-04-01 15:30:29.251,1856,0.000,Custom
1058,1.000,0.900,0.850,0.950,0.950,0.000,2025-04-01 15:31:11.99,1857,0.000,Custom
1059,1.000,0.900,0.850,0.950,0.950,0.900,2025-04-01 15:31:23.281,1858,0.000,Custom
1060,1.000,0.900,0.850,0.950,0.950,0.000,2025-04-01 15:31:32.336,1859,0.000,Custom
1061,1.000,0.000,0.000,0.000,0.000,0.000,2025-04-01 15:32:09.957,1860,0.000,Custom
1062,1.000,0.000,0.000,0.000,0.000,0.000,2025-04-01 15:32:20.776,1861,0.000,Custom
1063,1.000,0.000,0.000,0.000,0.000,0.000,2025-04-01 15:32:31.189,1862,0.000,Custom
1064,1.000,0.000,0.000,0.000,0.000,0.000,2025-04-01 15:33:18.57,1864,0.000,Custom
1065,1.000,0.000,0.000,0.000,0.000,0.000,2025-04-01 15:33:29.733,1865,0.000,Custom
1066,1.000,0.000,0.000,0.000,0.000,0.000,2025-04-01 15:34:31.139,1868,0.000,Custom
1067,1.000,0.000,0.000,0.000,0.000,0.000,2025-04-01 15:35:09.896,1869,0.000,Custom
1068,1.000,0.000,0.000,0.000,0.000,0.000,2025-04-01 15:35:20.465,1870,0.000,Custom
1069,1.000,0.000,0.000,0.000,0.000,0.000,2025-04-01 15:35:30.666,1871,0.000,Custom
1070,1.000,0.000,0.000,0.000,0.000,0.000,2025-04-01 15:36:11.8,1872,0.000,Custom
1071,1.000,0.000,0.000,0.000,0.000,0.000,2025-04-01 15:36:23.347,1873,0.000,Custom
1072,1.000,0.000,0.000,0.000,0.000,0.000,2025-04-01 15:37:12.236,1875,0.000,Custom
1073,1.000,0.000,0.000,0.950,0.950,0.000,2025-09-10 13:17:50.517,1,0.000,Custom
1079,1.000,0.000,0.000,0.000,0.000,0.000,2025-07-31 09:19:18.483,1882,0.000,Custom
1080,1.000,0.000,0.000,0.900,0.950,0.000,2025-07-31 09:31:11.291,1885,0.000,Custom
1087,1.000,0.000,0.000,0.000,0.000,0.000,2025-09-02 15:16:12.642,1890,0.000,Custom
1088,0.000,0.000,0.000,0.000,0.000,0.000,2025-09-04 11:45:12.648,1891,0.000,Custom